[
    {
        "client_msg_id": "55cbf01f-ee97-475a-b3bd-5a5ac661f03b",
        "type": "message",
        "text": "Just a heads up, when creating endpoints, can you write them here when done. and list like a specific json body file needed. tyty",
        "user": "U0295DJPBC0",
        "ts": "1631263625.001000",
        "team": "T0295DCGC1W",
        "user_team": "T0295DCGC1W",
        "source_team": "T0295DCGC1W",
        "user_profile": {
            "avatar_hash": "5bf4403d5e1b",
            "image_72": "https:\/\/avatars.slack-edge.com\/2021-07-19\/2293974360132_5bf4403d5e1bba006811_72.png",
            "first_name": "",
            "real_name": "Danny Pham",
            "display_name": "Danny Pham",
            "team": "T0295DCGC1W",
            "name": "s3719046",
            "is_restricted": false,
            "is_ultra_restricted": false
        },
        "blocks": [
            {
                "type": "rich_text",
                "block_id": "YiKS",
                "elements": [
                    {
                        "type": "rich_text_section",
                        "elements": [
                            {
                                "type": "text",
                                "text": "Just a heads up, when creating endpoints, can you write them here when done. and list like a specific json body file needed. tyty"
                            }
                        ]
                    }
                ]
            }
        ]
    },
    {
        "client_msg_id": "954a2fbc-d115-420e-9a1b-459d11dc698c",
        "type": "message",
        "text": "<@U028CMUCJ5B> Is there sample json to add a book using postman. can you post here",
        "user": "U0295DJPBC0",
        "ts": "1631339734.000400",
        "team": "T0295DCGC1W",
        "user_team": "T0295DCGC1W",
        "source_team": "T0295DCGC1W",
        "user_profile": {
            "avatar_hash": "5bf4403d5e1b",
            "image_72": "https:\/\/avatars.slack-edge.com\/2021-07-19\/2293974360132_5bf4403d5e1bba006811_72.png",
            "first_name": "",
            "real_name": "Danny Pham",
            "display_name": "Danny Pham",
            "team": "T0295DCGC1W",
            "name": "s3719046",
            "is_restricted": false,
            "is_ultra_restricted": false
        },
        "blocks": [
            {
                "type": "rich_text",
                "block_id": "i4U",
                "elements": [
                    {
                        "type": "rich_text_section",
                        "elements": [
                            {
                                "type": "user",
                                "user_id": "U028CMUCJ5B"
                            },
                            {
                                "type": "text",
                                "text": " Is there sample json to add a book using postman. can you post here"
                            }
                        ]
                    }
                ]
            }
        ],
        "thread_ts": "1631339734.000400",
        "reply_count": 1,
        "reply_users_count": 1,
        "latest_reply": "1631339832.000500",
        "reply_users": [
            "U02811FL3QF"
        ],
        "replies": [
            {
                "user": "U02811FL3QF",
                "ts": "1631339832.000500"
            }
        ],
        "is_locked": false,
        "subscribed": true,
        "last_read": "1631339832.000500"
    },
    {
        "client_msg_id": "4390957b-aa6e-4270-ae4c-011f14bb048b",
        "type": "message",
        "text": "I’m not Tessa but if you are fine with that you can use this\n\n{\n    “companyName”: “company”,\n    “bookTitle”: “Harry Potter and the Chamber Secrets”,\n    “author”: “JK Rowling”,\n    “bookDescription”: “rwgrfwoiefjouwehfopuwehpowerhgpouwehpiufbhepioufheopaudhgpouwrjgmocpijwrptoimvjerpogijv[pjrmv[oirjmvoijerivj[eirj[ijrepiovjrpoitvw”,\n    “bookCost”: 71.00,\n    “stockLevel”: 5\n}",
        "user": "U02811FL3QF",
        "ts": "1631339832.000500",
        "team": "T0295DCGC1W",
        "user_team": "T0295DCGC1W",
        "source_team": "T0295DCGC1W",
        "user_profile": {
            "avatar_hash": "2084c3d9ca64",
            "image_72": "https:\/\/avatars.slack-edge.com\/2021-08-26\/2421685802051_2084c3d9ca649b7e9eb2_72.jpg",
            "first_name": "",
            "real_name": "Harris Charalambous",
            "display_name": "Harris Charalambous",
            "team": "T0295DCGC1W",
            "name": "s3742332",
            "is_restricted": false,
            "is_ultra_restricted": false
        },
        "blocks": [
            {
                "type": "rich_text",
                "block_id": "hgu",
                "elements": [
                    {
                        "type": "rich_text_section",
                        "elements": [
                            {
                                "type": "text",
                                "text": "I’m not Tessa but if you are fine with that you can use this\n\n{\n    “companyName”: “company”,\n    “bookTitle”: “Harry Potter and the Chamber Secrets”,\n    “author”: “JK Rowling”,\n    “bookDescription”: “rwgrfwoiefjouwehfopuwehpowerhgpouwehpiufbhepioufheopaudhgpouwrjgmocpijwrptoimvjerpogijv[pjrmv[oirjmvoijerivj[eirj[ijrepiovjrpoitvw”,\n    “bookCost”: 71.00,\n    “stockLevel”: 5\n}"
                            }
                        ]
                    }
                ]
            }
        ],
        "thread_ts": "1631339734.000400",
        "parent_user_id": "U0295DJPBC0",
        "reactions": [
            {
                "name": "joy",
                "users": [
                    "U028CMUCJ5B"
                ],
                "count": 1
            }
        ]
    }
]