[
    {
        "client_msg_id": "4a3b28b5-a675-462c-9c7b-21dc15d9b762",
        "type": "message",
        "text": "<https:\/\/github.com\/mcwumbly\/spring-boot-eureka-example>",
        "user": "U0295DJPBC0",
        "ts": "1631869199.000800",
        "team": "T0295DCGC1W",
        "user_team": "T0295DCGC1W",
        "source_team": "T0295DCGC1W",
        "user_profile": {
            "avatar_hash": "5bf4403d5e1b",
            "image_72": "https:\/\/avatars.slack-edge.com\/2021-07-19\/2293974360132_5bf4403d5e1bba006811_72.png",
            "first_name": "",
            "real_name": "Danny Pham",
            "display_name": "Danny Pham",
            "team": "T0295DCGC1W",
            "name": "s3719046",
            "is_restricted": false,
            "is_ultra_restricted": false
        },
        "attachments": [
            {
                "service_name": "GitHub",
                "title": "GitHub - mcwumbly\/spring-boot-eureka-example",
                "title_link": "https:\/\/github.com\/mcwumbly\/spring-boot-eureka-example",
                "text": "Contribute to mcwumbly\/spring-boot-eureka-example development by creating an account on GitHub.",
                "fallback": "GitHub: GitHub - mcwumbly\/spring-boot-eureka-example",
                "image_url": "https:\/\/opengraph.githubassets.com\/cb4a0f054116a9769270836efb28b6769b62e213a3b9b7e97c40c37732ece430\/mcwumbly\/spring-boot-eureka-example",
                "image_width": 500,
                "image_height": 250,
                "from_url": "https:\/\/github.com\/mcwumbly\/spring-boot-eureka-example",
                "image_bytes": 116766,
                "service_icon": "https:\/\/a.slack-edge.com\/80588\/img\/unfurl_icons\/github.png",
                "id": 1,
                "original_url": "https:\/\/github.com\/mcwumbly\/spring-boot-eureka-example"
            }
        ],
        "blocks": [
            {
                "type": "rich_text",
                "block_id": "LgEj",
                "elements": [
                    {
                        "type": "rich_text_section",
                        "elements": [
                            {
                                "type": "link",
                                "url": "https:\/\/github.com\/mcwumbly\/spring-boot-eureka-example"
                            }
                        ]
                    }
                ]
            }
        ]
    },
    {
        "client_msg_id": "cfd031e5-901c-4fc9-9c86-5a6658bf0a48",
        "type": "message",
        "text": "<https:\/\/github.com\/mechero\/spring-boot-eureka>",
        "user": "U0295DJPBC0",
        "ts": "1631869332.001100",
        "team": "T0295DCGC1W",
        "user_team": "T0295DCGC1W",
        "source_team": "T0295DCGC1W",
        "user_profile": {
            "avatar_hash": "5bf4403d5e1b",
            "image_72": "https:\/\/avatars.slack-edge.com\/2021-07-19\/2293974360132_5bf4403d5e1bba006811_72.png",
            "first_name": "",
            "real_name": "Danny Pham",
            "display_name": "Danny Pham",
            "team": "T0295DCGC1W",
            "name": "s3719046",
            "is_restricted": false,
            "is_ultra_restricted": false
        },
        "attachments": [
            {
                "service_name": "GitHub",
                "title": "GitHub - mechero\/spring-boot-eureka: Sample project using Eureka and Spring Boot 2",
                "title_link": "https:\/\/github.com\/mechero\/spring-boot-eureka",
                "text": "Sample project using Eureka and Spring Boot 2. Contribute to mechero\/spring-boot-eureka development by creating an account on GitHub.",
                "fallback": "GitHub: GitHub - mechero\/spring-boot-eureka: Sample project using Eureka and Spring Boot 2",
                "image_url": "https:\/\/opengraph.githubassets.com\/b0848d3f411aea4b2a0683cc7bf8b8e911def1e5c27fb0e2b301d83f6e86a731\/mechero\/spring-boot-eureka",
                "image_width": 500,
                "image_height": 250,
                "from_url": "https:\/\/github.com\/mechero\/spring-boot-eureka",
                "image_bytes": 55847,
                "service_icon": "https:\/\/a.slack-edge.com\/80588\/img\/unfurl_icons\/github.png",
                "id": 1,
                "original_url": "https:\/\/github.com\/mechero\/spring-boot-eureka"
            }
        ],
        "blocks": [
            {
                "type": "rich_text",
                "block_id": "Wsq",
                "elements": [
                    {
                        "type": "rich_text_section",
                        "elements": [
                            {
                                "type": "link",
                                "url": "https:\/\/github.com\/mechero\/spring-boot-eureka"
                            }
                        ]
                    }
                ]
            }
        ]
    },
    {
        "client_msg_id": "0b91ca76-42e2-46ec-a8d0-e82094e7f2b5",
        "type": "message",
        "text": "<@U028CMUCJ5B> Is the latest transactions in development?",
        "user": "U0295DJPBC0",
        "ts": "1631874439.001700",
        "team": "T0295DCGC1W",
        "user_team": "T0295DCGC1W",
        "source_team": "T0295DCGC1W",
        "user_profile": {
            "avatar_hash": "5bf4403d5e1b",
            "image_72": "https:\/\/avatars.slack-edge.com\/2021-07-19\/2293974360132_5bf4403d5e1bba006811_72.png",
            "first_name": "",
            "real_name": "Danny Pham",
            "display_name": "Danny Pham",
            "team": "T0295DCGC1W",
            "name": "s3719046",
            "is_restricted": false,
            "is_ultra_restricted": false
        },
        "blocks": [
            {
                "type": "rich_text",
                "block_id": "VhoUo",
                "elements": [
                    {
                        "type": "rich_text_section",
                        "elements": [
                            {
                                "type": "user",
                                "user_id": "U028CMUCJ5B"
                            },
                            {
                                "type": "text",
                                "text": " Is the latest transactions in development?"
                            }
                        ]
                    }
                ]
            }
        ]
    },
    {
        "type": "message",
        "text": "",
        "files": [
            {
                "id": "F02ET7E5Q10",
                "created": 1631874481,
                "timestamp": 1631874481,
                "name": "image.png",
                "title": "image.png",
                "mimetype": "image\/png",
                "filetype": "png",
                "pretty_type": "PNG",
                "user": "U0295DJPBC0",
                "editable": false,
                "size": 27836,
                "mode": "hosted",
                "is_external": false,
                "external_type": "",
                "is_public": true,
                "public_url_shared": false,
                "display_as_bot": false,
                "username": "",
                "url_private": "https:\/\/files.slack.com\/files-pri\/T0295DCGC1W-F02ET7E5Q10\/image.png?t=xoxe-2311454556064-2499511529910-2506255268787-4ae9ed41410513eafb10ab9c3d38a89d",
                "url_private_download": "https:\/\/files.slack.com\/files-pri\/T0295DCGC1W-F02ET7E5Q10\/download\/image.png?t=xoxe-2311454556064-2499511529910-2506255268787-4ae9ed41410513eafb10ab9c3d38a89d",
                "thumb_64": "https:\/\/files.slack.com\/files-tmb\/T0295DCGC1W-F02ET7E5Q10-518982d9ef\/image_64.png?t=xoxe-2311454556064-2499511529910-2506255268787-4ae9ed41410513eafb10ab9c3d38a89d",
                "thumb_80": "https:\/\/files.slack.com\/files-tmb\/T0295DCGC1W-F02ET7E5Q10-518982d9ef\/image_80.png?t=xoxe-2311454556064-2499511529910-2506255268787-4ae9ed41410513eafb10ab9c3d38a89d",
                "thumb_360": "https:\/\/files.slack.com\/files-tmb\/T0295DCGC1W-F02ET7E5Q10-518982d9ef\/image_360.png?t=xoxe-2311454556064-2499511529910-2506255268787-4ae9ed41410513eafb10ab9c3d38a89d",
                "thumb_360_w": 360,
                "thumb_360_h": 173,
                "thumb_480": "https:\/\/files.slack.com\/files-tmb\/T0295DCGC1W-F02ET7E5Q10-518982d9ef\/image_480.png?t=xoxe-2311454556064-2499511529910-2506255268787-4ae9ed41410513eafb10ab9c3d38a89d",
                "thumb_480_w": 480,
                "thumb_480_h": 231,
                "thumb_160": "https:\/\/files.slack.com\/files-tmb\/T0295DCGC1W-F02ET7E5Q10-518982d9ef\/image_160.png?t=xoxe-2311454556064-2499511529910-2506255268787-4ae9ed41410513eafb10ab9c3d38a89d",
                "thumb_720": "https:\/\/files.slack.com\/files-tmb\/T0295DCGC1W-F02ET7E5Q10-518982d9ef\/image_720.png?t=xoxe-2311454556064-2499511529910-2506255268787-4ae9ed41410513eafb10ab9c3d38a89d",
                "thumb_720_w": 720,
                "thumb_720_h": 347,
                "original_w": 739,
                "original_h": 356,
                "thumb_tiny": "AwAXADC+TzSnkYHH4U7aKG4GaAG7D\/eNKEx\/EaTzBS7x\/k0ALt96Nv8AnFJv\/wA5pd3tQAtI3TilpD0oAQcUUUUgCiiigD\/\/2Q==",
                "permalink": "https:\/\/softwarecrewworkspace.slack.com\/files\/U0295DJPBC0\/F02ET7E5Q10\/image.png",
                "permalink_public": "https:\/\/slack-files.com\/T0295DCGC1W-F02ET7E5Q10-12214ee913",
                "is_starred": false,
                "has_rich_preview": false
            }
        ],
        "upload": false,
        "user": "U0295DJPBC0",
        "display_as_bot": false,
        "ts": "1631874485.001800"
    },
    {
        "client_msg_id": "ca3bd2f0-98f8-4a91-8725-b9d896f22466",
        "type": "message",
        "text": "am i missing books?",
        "user": "U0295DJPBC0",
        "ts": "1631874498.002300",
        "team": "T0295DCGC1W",
        "user_team": "T0295DCGC1W",
        "source_team": "T0295DCGC1W",
        "user_profile": {
            "avatar_hash": "5bf4403d5e1b",
            "image_72": "https:\/\/avatars.slack-edge.com\/2021-07-19\/2293974360132_5bf4403d5e1bba006811_72.png",
            "first_name": "",
            "real_name": "Danny Pham",
            "display_name": "Danny Pham",
            "team": "T0295DCGC1W",
            "name": "s3719046",
            "is_restricted": false,
            "is_ultra_restricted": false
        },
        "blocks": [
            {
                "type": "rich_text",
                "block_id": "Gld",
                "elements": [
                    {
                        "type": "rich_text_section",
                        "elements": [
                            {
                                "type": "text",
                                "text": "am i missing books?"
                            }
                        ]
                    }
                ]
            }
        ]
    },
    {
        "client_msg_id": "365d0510-4f4c-492a-8401-bad2c4774042",
        "type": "message",
        "text": "<@U028MUSM01J> are tests on development? I'm going to set up circleci",
        "user": "U0295DJPBC0",
        "ts": "1631876017.003600",
        "team": "T0295DCGC1W",
        "user_team": "T0295DCGC1W",
        "source_team": "T0295DCGC1W",
        "user_profile": {
            "avatar_hash": "5bf4403d5e1b",
            "image_72": "https:\/\/avatars.slack-edge.com\/2021-07-19\/2293974360132_5bf4403d5e1bba006811_72.png",
            "first_name": "",
            "real_name": "Danny Pham",
            "display_name": "Danny Pham",
            "team": "T0295DCGC1W",
            "name": "s3719046",
            "is_restricted": false,
            "is_ultra_restricted": false
        },
        "blocks": [
            {
                "type": "rich_text",
                "block_id": "EpRI",
                "elements": [
                    {
                        "type": "rich_text_section",
                        "elements": [
                            {
                                "type": "user",
                                "user_id": "U028MUSM01J"
                            },
                            {
                                "type": "text",
                                "text": " are tests on development? I'm going to set up circleci"
                            }
                        ]
                    }
                ]
            }
        ]
    },
    {
        "client_msg_id": "a32b3124-8b28-4124-bbb5-3bb6b93dd957",
        "type": "message",
        "text": "If its fine with you Im going to finish the transaction frontend tests and then push it, should be around 10 mins?",
        "user": "U028MUSM01J",
        "ts": "1631876086.004100",
        "team": "T0295DCGC1W",
        "user_team": "T0295DCGC1W",
        "source_team": "T0295DCGC1W",
        "user_profile": {
            "avatar_hash": "g85a3f76175d",
            "image_72": "https:\/\/secure.gravatar.com\/avatar\/85a3f76175d92fefe6ad3e1db0e8de72.jpg?s=72&d=https%3A%2F%2Fa.slack-edge.com%2Fdf10d%2Fimg%2Favatars%2Fava_0010-72.png",
            "first_name": "",
            "real_name": "Clinton Thai",
            "display_name": "Clinton Thai",
            "team": "T0295DCGC1W",
            "name": "s3840992",
            "is_restricted": false,
            "is_ultra_restricted": false
        },
        "blocks": [
            {
                "type": "rich_text",
                "block_id": "PiY",
                "elements": [
                    {
                        "type": "rich_text_section",
                        "elements": [
                            {
                                "type": "text",
                                "text": "If its fine with you Im going to finish the transaction frontend tests and then push it, should be around 10 mins?"
                            }
                        ]
                    }
                ]
            }
        ]
    },
    {
        "client_msg_id": "4dcf7976-99a1-4a0e-a608-b6c76028b7ac",
        "type": "message",
        "text": "<@U0295DJPBC0>",
        "user": "U028MUSM01J",
        "ts": "1631876093.004300",
        "team": "T0295DCGC1W",
        "user_team": "T0295DCGC1W",
        "source_team": "T0295DCGC1W",
        "user_profile": {
            "avatar_hash": "g85a3f76175d",
            "image_72": "https:\/\/secure.gravatar.com\/avatar\/85a3f76175d92fefe6ad3e1db0e8de72.jpg?s=72&d=https%3A%2F%2Fa.slack-edge.com%2Fdf10d%2Fimg%2Favatars%2Fava_0010-72.png",
            "first_name": "",
            "real_name": "Clinton Thai",
            "display_name": "Clinton Thai",
            "team": "T0295DCGC1W",
            "name": "s3840992",
            "is_restricted": false,
            "is_ultra_restricted": false
        },
        "blocks": [
            {
                "type": "rich_text",
                "block_id": "\/j6",
                "elements": [
                    {
                        "type": "rich_text_section",
                        "elements": [
                            {
                                "type": "user",
                                "user_id": "U0295DJPBC0"
                            }
                        ]
                    }
                ]
            }
        ]
    },
    {
        "client_msg_id": "2f300e0d-055a-4c2c-9ecd-2c4a45659720",
        "type": "message",
        "text": "npnp",
        "user": "U0295DJPBC0",
        "ts": "1631876132.004500",
        "team": "T0295DCGC1W",
        "user_team": "T0295DCGC1W",
        "source_team": "T0295DCGC1W",
        "user_profile": {
            "avatar_hash": "5bf4403d5e1b",
            "image_72": "https:\/\/avatars.slack-edge.com\/2021-07-19\/2293974360132_5bf4403d5e1bba006811_72.png",
            "first_name": "",
            "real_name": "Danny Pham",
            "display_name": "Danny Pham",
            "team": "T0295DCGC1W",
            "name": "s3719046",
            "is_restricted": false,
            "is_ultra_restricted": false
        },
        "blocks": [
            {
                "type": "rich_text",
                "block_id": "MTL",
                "elements": [
                    {
                        "type": "rich_text_section",
                        "elements": [
                            {
                                "type": "text",
                                "text": "npnp"
                            }
                        ]
                    }
                ]
            }
        ]
    },
    {
        "client_msg_id": "4989b370-bd1a-416c-8578-92672d676742",
        "type": "message",
        "text": "it’s putting it as a separate table to the left transaction_books.. this is where we might have to put separate columns for the short term.. putting in an array or list creates a mini sub table",
        "user": "U028CMUCJ5B",
        "ts": "1631876461.005500",
        "team": "T0295DCGC1W",
        "user_team": "T0295DCGC1W",
        "source_team": "T0295DCGC1W",
        "user_profile": {
            "avatar_hash": "g8e0cff6399e",
            "image_72": "https:\/\/secure.gravatar.com\/avatar\/8e0cff6399ee308d16a678953552af5b.jpg?s=72&d=https%3A%2F%2Fa.slack-edge.com%2Fdf10d%2Fimg%2Favatars%2Fava_0013-72.png",
            "first_name": "Tessa",
            "real_name": "Tessa",
            "display_name": "Tessa",
            "team": "T0295DCGC1W",
            "name": "s3775931",
            "is_restricted": false,
            "is_ultra_restricted": false
        },
        "blocks": [
            {
                "type": "rich_text",
                "block_id": "4FUy",
                "elements": [
                    {
                        "type": "rich_text_section",
                        "elements": [
                            {
                                "type": "text",
                                "text": "it’s putting it as a separate table to the left transaction_books.. this is where we might have to put separate columns for the short term.. putting in an array or list creates a mini sub table"
                            }
                        ]
                    }
                ]
            }
        ]
    },
    {
        "client_msg_id": "296a8acb-1c44-4e3e-ad4d-92d0afdb2ead",
        "type": "message",
        "text": "next sprint we gotta do a whole back end migration in to 1 microservice. in the long run thisll make things easier",
        "user": "U02811FL3QF",
        "ts": "1631876511.006300",
        "team": "T0295DCGC1W",
        "user_team": "T0295DCGC1W",
        "source_team": "T0295DCGC1W",
        "user_profile": {
            "avatar_hash": "2084c3d9ca64",
            "image_72": "https:\/\/avatars.slack-edge.com\/2021-08-26\/2421685802051_2084c3d9ca649b7e9eb2_72.jpg",
            "first_name": "",
            "real_name": "Harris Charalambous",
            "display_name": "Harris Charalambous",
            "team": "T0295DCGC1W",
            "name": "s3742332",
            "is_restricted": false,
            "is_ultra_restricted": false
        },
        "blocks": [
            {
                "type": "rich_text",
                "block_id": "\/gPn",
                "elements": [
                    {
                        "type": "rich_text_section",
                        "elements": [
                            {
                                "type": "text",
                                "text": "next sprint we gotta do a whole back end migration in to 1 microservice. in the long run thisll make things easier"
                            }
                        ]
                    }
                ]
            }
        ]
    },
    {
        "client_msg_id": "6676e199-99c0-4f91-9fdb-fcd05fdc928f",
        "type": "message",
        "text": "<@U0295DJPBC0> i have merged my tests into development",
        "user": "U028MUSM01J",
        "ts": "1631877629.007100",
        "team": "T0295DCGC1W",
        "user_team": "T0295DCGC1W",
        "source_team": "T0295DCGC1W",
        "user_profile": {
            "avatar_hash": "g85a3f76175d",
            "image_72": "https:\/\/secure.gravatar.com\/avatar\/85a3f76175d92fefe6ad3e1db0e8de72.jpg?s=72&d=https%3A%2F%2Fa.slack-edge.com%2Fdf10d%2Fimg%2Favatars%2Fava_0010-72.png",
            "first_name": "",
            "real_name": "Clinton Thai",
            "display_name": "Clinton Thai",
            "team": "T0295DCGC1W",
            "name": "s3840992",
            "is_restricted": false,
            "is_ultra_restricted": false
        },
        "blocks": [
            {
                "type": "rich_text",
                "block_id": "IK4m",
                "elements": [
                    {
                        "type": "rich_text_section",
                        "elements": [
                            {
                                "type": "user",
                                "user_id": "U0295DJPBC0"
                            },
                            {
                                "type": "text",
                                "text": " i have merged my tests into development"
                            }
                        ]
                    }
                ]
            }
        ]
    },
    {
        "client_msg_id": "def661f7-e9c6-450c-96c9-787fde0e244f",
        "type": "message",
        "text": "<@U028MUSM01J> what are the commands for running tests",
        "user": "U0295DJPBC0",
        "ts": "1631882709.007500",
        "team": "T0295DCGC1W",
        "user_team": "T0295DCGC1W",
        "source_team": "T0295DCGC1W",
        "user_profile": {
            "avatar_hash": "5bf4403d5e1b",
            "image_72": "https:\/\/avatars.slack-edge.com\/2021-07-19\/2293974360132_5bf4403d5e1bba006811_72.png",
            "first_name": "",
            "real_name": "Danny Pham",
            "display_name": "Danny Pham",
            "team": "T0295DCGC1W",
            "name": "s3719046",
            "is_restricted": false,
            "is_ultra_restricted": false
        },
        "blocks": [
            {
                "type": "rich_text",
                "block_id": "7KlTW",
                "elements": [
                    {
                        "type": "rich_text_section",
                        "elements": [
                            {
                                "type": "user",
                                "user_id": "U028MUSM01J"
                            },
                            {
                                "type": "text",
                                "text": " what are the commands for running tests"
                            }
                        ]
                    }
                ]
            }
        ]
    },
    {
        "client_msg_id": "f7af11c1-5c04-42d0-b809-04352f9855b7",
        "type": "message",
        "text": "frontend and backend commands?",
        "user": "U0295DJPBC0",
        "ts": "1631882713.007700",
        "team": "T0295DCGC1W",
        "user_team": "T0295DCGC1W",
        "source_team": "T0295DCGC1W",
        "user_profile": {
            "avatar_hash": "5bf4403d5e1b",
            "image_72": "https:\/\/avatars.slack-edge.com\/2021-07-19\/2293974360132_5bf4403d5e1bba006811_72.png",
            "first_name": "",
            "real_name": "Danny Pham",
            "display_name": "Danny Pham",
            "team": "T0295DCGC1W",
            "name": "s3719046",
            "is_restricted": false,
            "is_ultra_restricted": false
        },
        "blocks": [
            {
                "type": "rich_text",
                "block_id": "fwsX",
                "elements": [
                    {
                        "type": "rich_text_section",
                        "elements": [
                            {
                                "type": "text",
                                "text": "frontend and backend commands?"
                            }
                        ]
                    }
                ]
            }
        ]
    },
    {
        "client_msg_id": "90d462ce-3e58-4b5c-939a-3faeb1561cd5",
        "type": "message",
        "text": "frontend do npm install then npm test",
        "user": "U028MUSM01J",
        "ts": "1631884149.008100",
        "team": "T0295DCGC1W",
        "user_team": "T0295DCGC1W",
        "source_team": "T0295DCGC1W",
        "user_profile": {
            "avatar_hash": "g85a3f76175d",
            "image_72": "https:\/\/secure.gravatar.com\/avatar\/85a3f76175d92fefe6ad3e1db0e8de72.jpg?s=72&d=https%3A%2F%2Fa.slack-edge.com%2Fdf10d%2Fimg%2Favatars%2Fava_0010-72.png",
            "first_name": "",
            "real_name": "Clinton Thai",
            "display_name": "Clinton Thai",
            "team": "T0295DCGC1W",
            "name": "s3840992",
            "is_restricted": false,
            "is_ultra_restricted": false
        },
        "blocks": [
            {
                "type": "rich_text",
                "block_id": "K5kUI",
                "elements": [
                    {
                        "type": "rich_text_section",
                        "elements": [
                            {
                                "type": "text",
                                "text": "frontend do npm install then npm test"
                            }
                        ]
                    }
                ]
            }
        ]
    },
    {
        "client_msg_id": "449a76f5-4bb4-4d9a-9ace-5eb5cf1d51db",
        "type": "message",
        "text": "backend just run them through the classes",
        "user": "U028MUSM01J",
        "ts": "1631884155.008300",
        "team": "T0295DCGC1W",
        "user_team": "T0295DCGC1W",
        "source_team": "T0295DCGC1W",
        "user_profile": {
            "avatar_hash": "g85a3f76175d",
            "image_72": "https:\/\/secure.gravatar.com\/avatar\/85a3f76175d92fefe6ad3e1db0e8de72.jpg?s=72&d=https%3A%2F%2Fa.slack-edge.com%2Fdf10d%2Fimg%2Favatars%2Fava_0010-72.png",
            "first_name": "",
            "real_name": "Clinton Thai",
            "display_name": "Clinton Thai",
            "team": "T0295DCGC1W",
            "name": "s3840992",
            "is_restricted": false,
            "is_ultra_restricted": false
        },
        "blocks": [
            {
                "type": "rich_text",
                "block_id": "+XPq",
                "elements": [
                    {
                        "type": "rich_text_section",
                        "elements": [
                            {
                                "type": "text",
                                "text": "backend just run them through the classes"
                            }
                        ]
                    }
                ]
            }
        ]
    },
    {
        "client_msg_id": "1797d596-4f3b-4703-a4fe-b5bedce57ede",
        "type": "message",
        "text": "is there a command for backend? trying to implement circleci",
        "user": "U0295DJPBC0",
        "ts": "1631884217.008800",
        "team": "T0295DCGC1W",
        "user_team": "T0295DCGC1W",
        "source_team": "T0295DCGC1W",
        "user_profile": {
            "avatar_hash": "5bf4403d5e1b",
            "image_72": "https:\/\/avatars.slack-edge.com\/2021-07-19\/2293974360132_5bf4403d5e1bba006811_72.png",
            "first_name": "",
            "real_name": "Danny Pham",
            "display_name": "Danny Pham",
            "team": "T0295DCGC1W",
            "name": "s3719046",
            "is_restricted": false,
            "is_ultra_restricted": false
        },
        "blocks": [
            {
                "type": "rich_text",
                "block_id": "r5Q+c",
                "elements": [
                    {
                        "type": "rich_text_section",
                        "elements": [
                            {
                                "type": "text",
                                "text": "is there a command for backend? trying to implement circleci"
                            }
                        ]
                    }
                ]
            }
        ],
        "thread_ts": "1631884217.008800",
        "reply_count": 9,
        "reply_users_count": 2,
        "latest_reply": "1631898833.000100",
        "reply_users": [
            "U028MUSM01J",
            "U0295DJPBC0"
        ],
        "replies": [
            {
                "user": "U028MUSM01J",
                "ts": "1631888682.000100"
            },
            {
                "user": "U028MUSM01J",
                "ts": "1631888697.000300"
            },
            {
                "user": "U028MUSM01J",
                "ts": "1631888702.000500"
            },
            {
                "user": "U028MUSM01J",
                "ts": "1631888721.000700"
            },
            {
                "user": "U028MUSM01J",
                "ts": "1631888724.000900"
            },
            {
                "user": "U0295DJPBC0",
                "ts": "1631889899.001100"
            },
            {
                "user": "U0295DJPBC0",
                "ts": "1631889906.001300"
            },
            {
                "user": "U028MUSM01J",
                "ts": "1631894201.000100"
            },
            {
                "user": "U0295DJPBC0",
                "ts": "1631898833.000100"
            }
        ],
        "is_locked": false,
        "subscribed": false
    },
    {
        "type": "message",
        "text": "Can we get transactions to have a order id",
        "files": [
            {
                "id": "F02EM325LFQ",
                "created": 1631884984,
                "timestamp": 1631884984,
                "name": "image.png",
                "title": "image.png",
                "mimetype": "image\/png",
                "filetype": "png",
                "pretty_type": "PNG",
                "user": "U0295DJPBC0",
                "editable": false,
                "size": 28626,
                "mode": "hosted",
                "is_external": false,
                "external_type": "",
                "is_public": true,
                "public_url_shared": false,
                "display_as_bot": false,
                "username": "",
                "url_private": "https:\/\/files.slack.com\/files-pri\/T0295DCGC1W-F02EM325LFQ\/image.png?t=xoxe-2311454556064-2499511529910-2506255268787-4ae9ed41410513eafb10ab9c3d38a89d",
                "url_private_download": "https:\/\/files.slack.com\/files-pri\/T0295DCGC1W-F02EM325LFQ\/download\/image.png?t=xoxe-2311454556064-2499511529910-2506255268787-4ae9ed41410513eafb10ab9c3d38a89d",
                "thumb_64": "https:\/\/files.slack.com\/files-tmb\/T0295DCGC1W-F02EM325LFQ-e950274c3a\/image_64.png?t=xoxe-2311454556064-2499511529910-2506255268787-4ae9ed41410513eafb10ab9c3d38a89d",
                "thumb_80": "https:\/\/files.slack.com\/files-tmb\/T0295DCGC1W-F02EM325LFQ-e950274c3a\/image_80.png?t=xoxe-2311454556064-2499511529910-2506255268787-4ae9ed41410513eafb10ab9c3d38a89d",
                "thumb_360": "https:\/\/files.slack.com\/files-tmb\/T0295DCGC1W-F02EM325LFQ-e950274c3a\/image_360.png?t=xoxe-2311454556064-2499511529910-2506255268787-4ae9ed41410513eafb10ab9c3d38a89d",
                "thumb_360_w": 360,
                "thumb_360_h": 154,
                "thumb_480": "https:\/\/files.slack.com\/files-tmb\/T0295DCGC1W-F02EM325LFQ-e950274c3a\/image_480.png?t=xoxe-2311454556064-2499511529910-2506255268787-4ae9ed41410513eafb10ab9c3d38a89d",
                "thumb_480_w": 480,
                "thumb_480_h": 205,
                "thumb_160": "https:\/\/files.slack.com\/files-tmb\/T0295DCGC1W-F02EM325LFQ-e950274c3a\/image_160.png?t=xoxe-2311454556064-2499511529910-2506255268787-4ae9ed41410513eafb10ab9c3d38a89d",
                "thumb_720": "https:\/\/files.slack.com\/files-tmb\/T0295DCGC1W-F02EM325LFQ-e950274c3a\/image_720.png?t=xoxe-2311454556064-2499511529910-2506255268787-4ae9ed41410513eafb10ab9c3d38a89d",
                "thumb_720_w": 720,
                "thumb_720_h": 307,
                "thumb_800": "https:\/\/files.slack.com\/files-tmb\/T0295DCGC1W-F02EM325LFQ-e950274c3a\/image_800.png?t=xoxe-2311454556064-2499511529910-2506255268787-4ae9ed41410513eafb10ab9c3d38a89d",
                "thumb_800_w": 800,
                "thumb_800_h": 341,
                "thumb_960": "https:\/\/files.slack.com\/files-tmb\/T0295DCGC1W-F02EM325LFQ-e950274c3a\/image_960.png?t=xoxe-2311454556064-2499511529910-2506255268787-4ae9ed41410513eafb10ab9c3d38a89d",
                "thumb_960_w": 960,
                "thumb_960_h": 409,
                "thumb_1024": "https:\/\/files.slack.com\/files-tmb\/T0295DCGC1W-F02EM325LFQ-e950274c3a\/image_1024.png?t=xoxe-2311454556064-2499511529910-2506255268787-4ae9ed41410513eafb10ab9c3d38a89d",
                "thumb_1024_w": 1024,
                "thumb_1024_h": 437,
                "original_w": 1250,
                "original_h": 533,
                "thumb_tiny": "AwAUADDQ2L\/dX8qNi\/3R+VLRQAhjQn7ooEaA\/dFLRQAmxf7q\/lRsX+6v5UtFABRRRQAGgUHpQKACiiigD\/\/Z",
                "permalink": "https:\/\/softwarecrewworkspace.slack.com\/files\/U0295DJPBC0\/F02EM325LFQ\/image.png",
                "permalink_public": "https:\/\/slack-files.com\/T0295DCGC1W-F02EM325LFQ-28b610c0e5",
                "is_starred": false,
                "has_rich_preview": false
            }
        ],
        "upload": false,
        "blocks": [
            {
                "type": "rich_text",
                "block_id": "\/eOW7",
                "elements": [
                    {
                        "type": "rich_text_section",
                        "elements": [
                            {
                                "type": "text",
                                "text": "Can we get transactions to have a order id"
                            }
                        ]
                    }
                ]
            }
        ],
        "user": "U0295DJPBC0",
        "display_as_bot": false,
        "ts": "1631885004.009200",
        "client_msg_id": "b41555a8-b116-47ec-a9bf-52ecda77e597",
        "reactions": [
            {
                "name": "+1",
                "users": [
                    "U028CMUCJ5B"
                ],
                "count": 1
            }
        ]
    },
    {
        "client_msg_id": "79a68aa1-2236-42a0-830e-c1716db4ec2e",
        "type": "message",
        "text": "sorry for late reply",
        "user": "U028MUSM01J",
        "ts": "1631888682.000100",
        "team": "T0295DCGC1W",
        "user_team": "T0295DCGC1W",
        "source_team": "T0295DCGC1W",
        "user_profile": {
            "avatar_hash": "g85a3f76175d",
            "image_72": "https:\/\/secure.gravatar.com\/avatar\/85a3f76175d92fefe6ad3e1db0e8de72.jpg?s=72&d=https%3A%2F%2Fa.slack-edge.com%2Fdf10d%2Fimg%2Favatars%2Fava_0010-72.png",
            "first_name": "",
            "real_name": "Clinton Thai",
            "display_name": "Clinton Thai",
            "team": "T0295DCGC1W",
            "name": "s3840992",
            "is_restricted": false,
            "is_ultra_restricted": false
        },
        "blocks": [
            {
                "type": "rich_text",
                "block_id": "uHk",
                "elements": [
                    {
                        "type": "rich_text_section",
                        "elements": [
                            {
                                "type": "text",
                                "text": "sorry for late reply"
                            }
                        ]
                    }
                ]
            }
        ],
        "thread_ts": "1631884217.008800",
        "parent_user_id": "U0295DJPBC0"
    },
    {
        "client_msg_id": "bf87cb22-1dad-46ec-aa7f-78388b19cbdd",
        "type": "message",
        "text": "npm install --save-dev enzyme enzyme-adapter-react-16",
        "user": "U028MUSM01J",
        "ts": "1631888697.000300",
        "team": "T0295DCGC1W",
        "user_team": "T0295DCGC1W",
        "source_team": "T0295DCGC1W",
        "user_profile": {
            "avatar_hash": "g85a3f76175d",
            "image_72": "https:\/\/secure.gravatar.com\/avatar\/85a3f76175d92fefe6ad3e1db0e8de72.jpg?s=72&d=https%3A%2F%2Fa.slack-edge.com%2Fdf10d%2Fimg%2Favatars%2Fava_0010-72.png",
            "first_name": "",
            "real_name": "Clinton Thai",
            "display_name": "Clinton Thai",
            "team": "T0295DCGC1W",
            "name": "s3840992",
            "is_restricted": false,
            "is_ultra_restricted": false
        },
        "blocks": [
            {
                "type": "rich_text",
                "block_id": "CTeG",
                "elements": [
                    {
                        "type": "rich_text_section",
                        "elements": [
                            {
                                "type": "text",
                                "text": "npm install --save-dev enzyme enzyme-adapter-react-16"
                            }
                        ]
                    }
                ]
            }
        ],
        "thread_ts": "1631884217.008800",
        "parent_user_id": "U0295DJPBC0"
    },
    {
        "client_msg_id": "79a754f1-1531-455d-bce1-cd09af555b78",
        "type": "message",
        "text": "npm install --save-dev enzyme-to-json",
        "user": "U028MUSM01J",
        "ts": "1631888702.000500",
        "team": "T0295DCGC1W",
        "user_team": "T0295DCGC1W",
        "source_team": "T0295DCGC1W",
        "user_profile": {
            "avatar_hash": "g85a3f76175d",
            "image_72": "https:\/\/secure.gravatar.com\/avatar\/85a3f76175d92fefe6ad3e1db0e8de72.jpg?s=72&d=https%3A%2F%2Fa.slack-edge.com%2Fdf10d%2Fimg%2Favatars%2Fava_0010-72.png",
            "first_name": "",
            "real_name": "Clinton Thai",
            "display_name": "Clinton Thai",
            "team": "T0295DCGC1W",
            "name": "s3840992",
            "is_restricted": false,
            "is_ultra_restricted": false
        },
        "blocks": [
            {
                "type": "rich_text",
                "block_id": "DzE",
                "elements": [
                    {
                        "type": "rich_text_section",
                        "elements": [
                            {
                                "type": "text",
                                "text": "npm install --save-dev enzyme-to-json"
                            }
                        ]
                    }
                ]
            }
        ],
        "thread_ts": "1631884217.008800",
        "parent_user_id": "U0295DJPBC0"
    },
    {
        "client_msg_id": "9a4d52ae-50b5-4176-b03e-d8ffa602455c",
        "type": "message",
        "text": "i forgot these commands",
        "user": "U028MUSM01J",
        "ts": "1631888721.000700",
        "team": "T0295DCGC1W",
        "user_team": "T0295DCGC1W",
        "source_team": "T0295DCGC1W",
        "user_profile": {
            "avatar_hash": "g85a3f76175d",
            "image_72": "https:\/\/secure.gravatar.com\/avatar\/85a3f76175d92fefe6ad3e1db0e8de72.jpg?s=72&d=https%3A%2F%2Fa.slack-edge.com%2Fdf10d%2Fimg%2Favatars%2Fava_0010-72.png",
            "first_name": "",
            "real_name": "Clinton Thai",
            "display_name": "Clinton Thai",
            "team": "T0295DCGC1W",
            "name": "s3840992",
            "is_restricted": false,
            "is_ultra_restricted": false
        },
        "blocks": [
            {
                "type": "rich_text",
                "block_id": "It=Lm",
                "elements": [
                    {
                        "type": "rich_text_section",
                        "elements": [
                            {
                                "type": "text",
                                "text": "i forgot these commands"
                            }
                        ]
                    }
                ]
            }
        ],
        "thread_ts": "1631884217.008800",
        "parent_user_id": "U0295DJPBC0"
    },
    {
        "client_msg_id": "02a1ead3-e7d9-4782-8e81-4d3ee321d5a6",
        "type": "message",
        "text": "for backend",
        "user": "U028MUSM01J",
        "ts": "1631888724.000900",
        "team": "T0295DCGC1W",
        "user_team": "T0295DCGC1W",
        "source_team": "T0295DCGC1W",
        "user_profile": {
            "avatar_hash": "g85a3f76175d",
            "image_72": "https:\/\/secure.gravatar.com\/avatar\/85a3f76175d92fefe6ad3e1db0e8de72.jpg?s=72&d=https%3A%2F%2Fa.slack-edge.com%2Fdf10d%2Fimg%2Favatars%2Fava_0010-72.png",
            "first_name": "",
            "real_name": "Clinton Thai",
            "display_name": "Clinton Thai",
            "team": "T0295DCGC1W",
            "name": "s3840992",
            "is_restricted": false,
            "is_ultra_restricted": false
        },
        "blocks": [
            {
                "type": "rich_text",
                "block_id": "igb",
                "elements": [
                    {
                        "type": "rich_text_section",
                        "elements": [
                            {
                                "type": "text",
                                "text": "for backend"
                            }
                        ]
                    }
                ]
            }
        ],
        "thread_ts": "1631884217.008800",
        "parent_user_id": "U0295DJPBC0"
    },
    {
        "client_msg_id": "792237f3-5337-4922-b6b9-0c6d1819a062",
        "type": "message",
        "text": "Wait tests are ran when you package right?",
        "user": "U0295DJPBC0",
        "ts": "1631889899.001100",
        "team": "T0295DCGC1W",
        "user_team": "T0295DCGC1W",
        "source_team": "T0295DCGC1W",
        "user_profile": {
            "avatar_hash": "5bf4403d5e1b",
            "image_72": "https:\/\/avatars.slack-edge.com\/2021-07-19\/2293974360132_5bf4403d5e1bba006811_72.png",
            "first_name": "",
            "real_name": "Danny Pham",
            "display_name": "Danny Pham",
            "team": "T0295DCGC1W",
            "name": "s3719046",
            "is_restricted": false,
            "is_ultra_restricted": false
        },
        "blocks": [
            {
                "type": "rich_text",
                "block_id": "V=n",
                "elements": [
                    {
                        "type": "rich_text_section",
                        "elements": [
                            {
                                "type": "text",
                                "text": "Wait tests are ran when you package right?"
                            }
                        ]
                    }
                ]
            }
        ],
        "thread_ts": "1631884217.008800",
        "parent_user_id": "U0295DJPBC0"
    },
    {
        "client_msg_id": "4d006c40-afc3-4ab4-a3fc-c71b162612a6",
        "type": "message",
        "text": "if not you should make it like that",
        "user": "U0295DJPBC0",
        "ts": "1631889906.001300",
        "team": "T0295DCGC1W",
        "user_team": "T0295DCGC1W",
        "source_team": "T0295DCGC1W",
        "user_profile": {
            "avatar_hash": "5bf4403d5e1b",
            "image_72": "https:\/\/avatars.slack-edge.com\/2021-07-19\/2293974360132_5bf4403d5e1bba006811_72.png",
            "first_name": "",
            "real_name": "Danny Pham",
            "display_name": "Danny Pham",
            "team": "T0295DCGC1W",
            "name": "s3719046",
            "is_restricted": false,
            "is_ultra_restricted": false
        },
        "blocks": [
            {
                "type": "rich_text",
                "block_id": "UVqNB",
                "elements": [
                    {
                        "type": "rich_text_section",
                        "elements": [
                            {
                                "type": "text",
                                "text": "if not you should make it like that"
                            }
                        ]
                    }
                ]
            }
        ],
        "thread_ts": "1631884217.008800",
        "parent_user_id": "U0295DJPBC0"
    },
    {
        "client_msg_id": "7cdc9db7-424c-47d0-912b-5beade9347de",
        "type": "message",
        "text": "not sure what you mean by that <@U0295DJPBC0>",
        "user": "U028MUSM01J",
        "ts": "1631894201.000100",
        "team": "T0295DCGC1W",
        "user_team": "T0295DCGC1W",
        "source_team": "T0295DCGC1W",
        "user_profile": {
            "avatar_hash": "g85a3f76175d",
            "image_72": "https:\/\/secure.gravatar.com\/avatar\/85a3f76175d92fefe6ad3e1db0e8de72.jpg?s=72&d=https%3A%2F%2Fa.slack-edge.com%2Fdf10d%2Fimg%2Favatars%2Fava_0010-72.png",
            "first_name": "",
            "real_name": "Clinton Thai",
            "display_name": "Clinton Thai",
            "team": "T0295DCGC1W",
            "name": "s3840992",
            "is_restricted": false,
            "is_ultra_restricted": false
        },
        "blocks": [
            {
                "type": "rich_text",
                "block_id": "9mtaf",
                "elements": [
                    {
                        "type": "rich_text_section",
                        "elements": [
                            {
                                "type": "text",
                                "text": "not sure what you mean by that "
                            },
                            {
                                "type": "user",
                                "user_id": "U0295DJPBC0"
                            }
                        ]
                    }
                ]
            }
        ],
        "thread_ts": "1631884217.008800",
        "parent_user_id": "U0295DJPBC0"
    },
    {
        "client_msg_id": "812cf3e6-e1e7-4235-8642-625270c7ee8e",
        "type": "message",
        "text": "ah dw, it runs the tests when you package it. But book doesnt work atm so i disabled the testing for it",
        "user": "U0295DJPBC0",
        "ts": "1631898833.000100",
        "team": "T0295DCGC1W",
        "user_team": "T0295DCGC1W",
        "source_team": "T0295DCGC1W",
        "user_profile": {
            "avatar_hash": "5bf4403d5e1b",
            "image_72": "https:\/\/avatars.slack-edge.com\/2021-07-19\/2293974360132_5bf4403d5e1bba006811_72.png",
            "first_name": "",
            "real_name": "Danny Pham",
            "display_name": "Danny Pham",
            "team": "T0295DCGC1W",
            "name": "s3719046",
            "is_restricted": false,
            "is_ultra_restricted": false
        },
        "blocks": [
            {
                "type": "rich_text",
                "block_id": "3Ke9e",
                "elements": [
                    {
                        "type": "rich_text_section",
                        "elements": [
                            {
                                "type": "text",
                                "text": "ah dw, it runs the tests when you package it. But book doesnt work atm so i disabled the testing for it"
                            }
                        ]
                    }
                ]
            }
        ],
        "thread_ts": "1631884217.008800",
        "parent_user_id": "U0295DJPBC0"
    },
    {
        "client_msg_id": "b074d3fb-720e-45e4-9860-cf57ef41c98c",
        "type": "message",
        "text": "CircleCI is up, but failing at tests <@U028MUSM01J> if you can take a look at it, i believe it has to do with the transactions input object (username is email btw), ill ping you what to make it look like",
        "user": "U0295DJPBC0",
        "ts": "1631898905.001500",
        "team": "T0295DCGC1W",
        "user_team": "T0295DCGC1W",
        "source_team": "T0295DCGC1W",
        "user_profile": {
            "avatar_hash": "5bf4403d5e1b",
            "image_72": "https:\/\/avatars.slack-edge.com\/2021-07-19\/2293974360132_5bf4403d5e1bba006811_72.png",
            "first_name": "",
            "real_name": "Danny Pham",
            "display_name": "Danny Pham",
            "team": "T0295DCGC1W",
            "name": "s3719046",
            "is_restricted": false,
            "is_ultra_restricted": false
        },
        "blocks": [
            {
                "type": "rich_text",
                "block_id": "ASb",
                "elements": [
                    {
                        "type": "rich_text_section",
                        "elements": [
                            {
                                "type": "text",
                                "text": "CircleCI is up, but failing at tests "
                            },
                            {
                                "type": "user",
                                "user_id": "U028MUSM01J"
                            },
                            {
                                "type": "text",
                                "text": " if you can take a look at it, i believe it has to do with the transactions input object (username is email btw), ill ping you what to make it look like"
                            }
                        ]
                    }
                ]
            }
        ]
    }
]