[
    {
        "client_msg_id": "fb31556b-54cd-4de0-abf8-72278a822177",
        "type": "message",
        "text": "Hey so with books currently, we have an amount in stock variable, which will deincrement when gets bought. I think we should change this to be available as a Boolean. This way we won't have 5 Harry Potter books under the 1 ID. Thoughts?",
        "user": "U02811FL3QF",
        "ts": "1631518224.002600",
        "team": "T0295DCGC1W",
        "user_team": "T0295DCGC1W",
        "source_team": "T0295DCGC1W",
        "user_profile": {
            "avatar_hash": "2084c3d9ca64",
            "image_72": "https:\/\/avatars.slack-edge.com\/2021-08-26\/2421685802051_2084c3d9ca649b7e9eb2_72.jpg",
            "first_name": "",
            "real_name": "Harris Charalambous",
            "display_name": "Harris Charalambous",
            "team": "T0295DCGC1W",
            "name": "s3742332",
            "is_restricted": false,
            "is_ultra_restricted": false
        },
        "blocks": [
            {
                "type": "rich_text",
                "block_id": "ZyouL",
                "elements": [
                    {
                        "type": "rich_text_section",
                        "elements": [
                            {
                                "type": "text",
                                "text": "Hey so with books currently, we have an amount in stock variable, which will deincrement when gets bought. I think we should change this to be available as a Boolean. This way we won't have 5 Harry Potter books under the 1 ID. Thoughts?"
                            }
                        ]
                    }
                ]
            }
        ]
    },
    {
        "client_msg_id": "65e09f7f-8b58-48ac-b32a-ac268d0bce52",
        "type": "message",
        "text": "so we would just show HP as being available if there is one book with boolean true? is that what you mean?",
        "user": "U028CMUCJ5B",
        "ts": "1631518363.003100",
        "team": "T0295DCGC1W",
        "user_team": "T0295DCGC1W",
        "source_team": "T0295DCGC1W",
        "user_profile": {
            "avatar_hash": "g8e0cff6399e",
            "image_72": "https:\/\/secure.gravatar.com\/avatar\/8e0cff6399ee308d16a678953552af5b.jpg?s=72&d=https%3A%2F%2Fa.slack-edge.com%2Fdf10d%2Fimg%2Favatars%2Fava_0013-72.png",
            "first_name": "Tessa",
            "real_name": "Tessa",
            "display_name": "Tessa",
            "team": "T0295DCGC1W",
            "name": "s3775931",
            "is_restricted": false,
            "is_ultra_restricted": false
        },
        "blocks": [
            {
                "type": "rich_text",
                "block_id": "hXa2",
                "elements": [
                    {
                        "type": "rich_text_section",
                        "elements": [
                            {
                                "type": "text",
                                "text": "so we would just show HP as being available if there is one book with boolean true? is that what you mean?"
                            }
                        ]
                    }
                ]
            }
        ]
    },
    {
        "client_msg_id": "88ae2407-c1a6-408a-a711-f8ecdfd84566",
        "type": "message",
        "text": "If there are multiple copies of the same book, there will be multiple entries",
        "user": "U02811FL3QF",
        "ts": "1631518387.003600",
        "team": "T0295DCGC1W",
        "user_team": "T0295DCGC1W",
        "source_team": "T0295DCGC1W",
        "user_profile": {
            "avatar_hash": "2084c3d9ca64",
            "image_72": "https:\/\/avatars.slack-edge.com\/2021-08-26\/2421685802051_2084c3d9ca649b7e9eb2_72.jpg",
            "first_name": "",
            "real_name": "Harris Charalambous",
            "display_name": "Harris Charalambous",
            "team": "T0295DCGC1W",
            "name": "s3742332",
            "is_restricted": false,
            "is_ultra_restricted": false
        },
        "blocks": [
            {
                "type": "rich_text",
                "block_id": "nwg1",
                "elements": [
                    {
                        "type": "rich_text_section",
                        "elements": [
                            {
                                "type": "text",
                                "text": "If there are multiple copies of the same book, there will be multiple entries"
                            }
                        ]
                    }
                ]
            }
        ]
    },
    {
        "client_msg_id": "c33d0c00-3f59-406f-867f-73171ef407c8",
        "type": "message",
        "text": "ohh i see what you mean. yeah whatever you think works i’m happy with either!",
        "user": "U028CMUCJ5B",
        "ts": "1631518459.005300",
        "team": "T0295DCGC1W",
        "user_team": "T0295DCGC1W",
        "source_team": "T0295DCGC1W",
        "user_profile": {
            "avatar_hash": "g8e0cff6399e",
            "image_72": "https:\/\/secure.gravatar.com\/avatar\/8e0cff6399ee308d16a678953552af5b.jpg?s=72&d=https%3A%2F%2Fa.slack-edge.com%2Fdf10d%2Fimg%2Favatars%2Fava_0013-72.png",
            "first_name": "Tessa",
            "real_name": "Tessa",
            "display_name": "Tessa",
            "team": "T0295DCGC1W",
            "name": "s3775931",
            "is_restricted": false,
            "is_ultra_restricted": false
        },
        "blocks": [
            {
                "type": "rich_text",
                "block_id": "b=oC",
                "elements": [
                    {
                        "type": "rich_text_section",
                        "elements": [
                            {
                                "type": "text",
                                "text": "ohh i see what you mean. yeah whatever you think works i’m happy with either!"
                            }
                        ]
                    }
                ]
            }
        ]
    },
    {
        "client_msg_id": "2f754ff1-9223-4f45-a7da-07b73e42a35d",
        "type": "message",
        "text": "Cool cool",
        "user": "U02811FL3QF",
        "ts": "1631518495.006500",
        "team": "T0295DCGC1W",
        "user_team": "T0295DCGC1W",
        "source_team": "T0295DCGC1W",
        "user_profile": {
            "avatar_hash": "2084c3d9ca64",
            "image_72": "https:\/\/avatars.slack-edge.com\/2021-08-26\/2421685802051_2084c3d9ca649b7e9eb2_72.jpg",
            "first_name": "",
            "real_name": "Harris Charalambous",
            "display_name": "Harris Charalambous",
            "team": "T0295DCGC1W",
            "name": "s3742332",
            "is_restricted": false,
            "is_ultra_restricted": false
        },
        "blocks": [
            {
                "type": "rich_text",
                "block_id": "pRW",
                "elements": [
                    {
                        "type": "rich_text_section",
                        "elements": [
                            {
                                "type": "text",
                                "text": "Cool cool"
                            }
                        ]
                    }
                ]
            }
        ]
    },
    {
        "client_msg_id": "19e8fe32-1ce8-4bde-b167-c43eceb0826b",
        "type": "message",
        "text": "also how do we feel about instead of having a book title and book author variable we just have one singular variable for both? just in terms of what danny is talking about with transactions, someone can buy multiple books at once which we could use a list for but it gets tricky if the book info is split across 2 lists",
        "user": "U028CMUCJ5B",
        "ts": "1631518539.007100",
        "team": "T0295DCGC1W",
        "user_team": "T0295DCGC1W",
        "source_team": "T0295DCGC1W",
        "user_profile": {
            "avatar_hash": "g8e0cff6399e",
            "image_72": "https:\/\/secure.gravatar.com\/avatar\/8e0cff6399ee308d16a678953552af5b.jpg?s=72&d=https%3A%2F%2Fa.slack-edge.com%2Fdf10d%2Fimg%2Favatars%2Fava_0013-72.png",
            "first_name": "Tessa",
            "real_name": "Tessa",
            "display_name": "Tessa",
            "team": "T0295DCGC1W",
            "name": "s3775931",
            "is_restricted": false,
            "is_ultra_restricted": false
        },
        "blocks": [
            {
                "type": "rich_text",
                "block_id": "GXCy",
                "elements": [
                    {
                        "type": "rich_text_section",
                        "elements": [
                            {
                                "type": "text",
                                "text": "also how do we feel about instead of having a book title and book author variable we just have one singular variable for both? just in terms of what danny is talking about with transactions, someone can buy multiple books at once which we could use a list for but it gets tricky if the book info is split across 2 lists"
                            }
                        ]
                    }
                ]
            }
        ]
    },
    {
        "client_msg_id": "ae85505e-954e-40ad-bb5f-34dac09441e1",
        "type": "message",
        "text": "We will get marked down cause it's bad practice to contain two types of info in one variable. Can't we use ID in transactions?",
        "user": "U02811FL3QF",
        "ts": "1631518625.008500",
        "team": "T0295DCGC1W",
        "user_team": "T0295DCGC1W",
        "source_team": "T0295DCGC1W",
        "user_profile": {
            "avatar_hash": "2084c3d9ca64",
            "image_72": "https:\/\/avatars.slack-edge.com\/2021-08-26\/2421685802051_2084c3d9ca649b7e9eb2_72.jpg",
            "first_name": "",
            "real_name": "Harris Charalambous",
            "display_name": "Harris Charalambous",
            "team": "T0295DCGC1W",
            "name": "s3742332",
            "is_restricted": false,
            "is_ultra_restricted": false
        },
        "blocks": [
            {
                "type": "rich_text",
                "block_id": "K5uh5",
                "elements": [
                    {
                        "type": "rich_text_section",
                        "elements": [
                            {
                                "type": "text",
                                "text": "We will get marked down cause it's bad practice to contain two types of info in one variable. Can't we use ID in transactions?"
                            }
                        ]
                    }
                ]
            }
        ]
    },
    {
        "client_msg_id": "1ce5b46b-5773-4fd4-be3b-a88b2efb8202",
        "type": "message",
        "text": "aah yeah i should just be able to parse the book used through to the transaction",
        "user": "U028CMUCJ5B",
        "ts": "1631518732.008900",
        "team": "T0295DCGC1W",
        "user_team": "T0295DCGC1W",
        "source_team": "T0295DCGC1W",
        "user_profile": {
            "avatar_hash": "g8e0cff6399e",
            "image_72": "https:\/\/secure.gravatar.com\/avatar\/8e0cff6399ee308d16a678953552af5b.jpg?s=72&d=https%3A%2F%2Fa.slack-edge.com%2Fdf10d%2Fimg%2Favatars%2Fava_0013-72.png",
            "first_name": "Tessa",
            "real_name": "Tessa",
            "display_name": "Tessa",
            "team": "T0295DCGC1W",
            "name": "s3775931",
            "is_restricted": false,
            "is_ultra_restricted": false
        },
        "blocks": [
            {
                "type": "rich_text",
                "block_id": "J2D",
                "elements": [
                    {
                        "type": "rich_text_section",
                        "elements": [
                            {
                                "type": "text",
                                "text": "aah yeah i should just be able to parse the book used through to the transaction"
                            }
                        ]
                    }
                ]
            }
        ]
    },
    {
        "client_msg_id": "51d4d3fe-0dbc-4e0a-ba68-2bb83996dab0",
        "type": "message",
        "text": "what do you think the best variable type for new\/used type? just a string? or we could just have  a boolean true for new and if it’s false it indicates used",
        "user": "U028CMUCJ5B",
        "ts": "1631518920.010300",
        "team": "T0295DCGC1W",
        "user_team": "T0295DCGC1W",
        "source_team": "T0295DCGC1W",
        "user_profile": {
            "avatar_hash": "g8e0cff6399e",
            "image_72": "https:\/\/secure.gravatar.com\/avatar\/8e0cff6399ee308d16a678953552af5b.jpg?s=72&d=https%3A%2F%2Fa.slack-edge.com%2Fdf10d%2Fimg%2Favatars%2Fava_0013-72.png",
            "first_name": "Tessa",
            "real_name": "Tessa",
            "display_name": "Tessa",
            "team": "T0295DCGC1W",
            "name": "s3775931",
            "is_restricted": false,
            "is_ultra_restricted": false
        },
        "blocks": [
            {
                "type": "rich_text",
                "block_id": "Rmk=n",
                "elements": [
                    {
                        "type": "rich_text_section",
                        "elements": [
                            {
                                "type": "text",
                                "text": "what do you think the best variable type for new\/used type? just a string? or we could just have  a boolean true for new and if it’s false it indicates used"
                            }
                        ]
                    }
                ]
            }
        ]
    },
    {
        "client_msg_id": "3d2c26e3-f9d3-47f0-836a-e4bc2e95007d",
        "type": "message",
        "text": "i think when we buy books (shopping cart), we have an array:\n{\nid: 1\norder: [\n{\nbook stuff: book stuff variables what ever,\namount: 1 or 2... etc\n}\n]",
        "user": "U0295DJPBC0",
        "ts": "1631518972.012200",
        "team": "T0295DCGC1W",
        "user_team": "T0295DCGC1W",
        "source_team": "T0295DCGC1W",
        "user_profile": {
            "avatar_hash": "5bf4403d5e1b",
            "image_72": "https:\/\/avatars.slack-edge.com\/2021-07-19\/2293974360132_5bf4403d5e1bba006811_72.png",
            "first_name": "",
            "real_name": "Danny Pham",
            "display_name": "Danny Pham",
            "team": "T0295DCGC1W",
            "name": "s3719046",
            "is_restricted": false,
            "is_ultra_restricted": false
        },
        "edited": {
            "user": "U0295DJPBC0",
            "ts": "1631519033.000000"
        },
        "blocks": [
            {
                "type": "rich_text",
                "block_id": "fH7at",
                "elements": [
                    {
                        "type": "rich_text_section",
                        "elements": [
                            {
                                "type": "text",
                                "text": "i think when we buy books (shopping cart), we have an array:\n{\nid: 1\norder: [\n{\nbook stuff: book stuff variables what ever,\namount: 1 or 2... etc\n}\n]"
                            }
                        ]
                    }
                ]
            }
        ]
    },
    {
        "client_msg_id": "ce344dd1-0727-44d1-9026-19840aa46916",
        "type": "message",
        "text": "fok gimme a sec",
        "user": "U0295DJPBC0",
        "ts": "1631518978.012400",
        "team": "T0295DCGC1W",
        "user_team": "T0295DCGC1W",
        "source_team": "T0295DCGC1W",
        "user_profile": {
            "avatar_hash": "5bf4403d5e1b",
            "image_72": "https:\/\/avatars.slack-edge.com\/2021-07-19\/2293974360132_5bf4403d5e1bba006811_72.png",
            "first_name": "",
            "real_name": "Danny Pham",
            "display_name": "Danny Pham",
            "team": "T0295DCGC1W",
            "name": "s3719046",
            "is_restricted": false,
            "is_ultra_restricted": false
        },
        "blocks": [
            {
                "type": "rich_text",
                "block_id": "pW4",
                "elements": [
                    {
                        "type": "rich_text_section",
                        "elements": [
                            {
                                "type": "text",
                                "text": "fok gimme a sec"
                            }
                        ]
                    }
                ]
            }
        ]
    },
    {
        "client_msg_id": "dc0e603b-e5c8-4119-8496-311e575c5085",
        "type": "message",
        "text": "Boolean should be alright. By default booleans are false so make the variable used, so the default book is new",
        "user": "U02811FL3QF",
        "ts": "1631518986.012700",
        "team": "T0295DCGC1W",
        "user_team": "T0295DCGC1W",
        "source_team": "T0295DCGC1W",
        "user_profile": {
            "avatar_hash": "2084c3d9ca64",
            "image_72": "https:\/\/avatars.slack-edge.com\/2021-08-26\/2421685802051_2084c3d9ca649b7e9eb2_72.jpg",
            "first_name": "",
            "real_name": "Harris Charalambous",
            "display_name": "Harris Charalambous",
            "team": "T0295DCGC1W",
            "name": "s3742332",
            "is_restricted": false,
            "is_ultra_restricted": false
        },
        "blocks": [
            {
                "type": "rich_text",
                "block_id": "N2OwX",
                "elements": [
                    {
                        "type": "rich_text_section",
                        "elements": [
                            {
                                "type": "text",
                                "text": "Boolean should be alright. By default booleans are false so make the variable used, so the default book is new"
                            }
                        ]
                    }
                ]
            }
        ]
    },
    {
        "client_msg_id": "cea9f905-50af-494e-a41c-fb73e25d66c6",
        "type": "message",
        "text": "okay perfect",
        "user": "U028CMUCJ5B",
        "ts": "1631519020.012900",
        "team": "T0295DCGC1W",
        "user_team": "T0295DCGC1W",
        "source_team": "T0295DCGC1W",
        "user_profile": {
            "avatar_hash": "g8e0cff6399e",
            "image_72": "https:\/\/secure.gravatar.com\/avatar\/8e0cff6399ee308d16a678953552af5b.jpg?s=72&d=https%3A%2F%2Fa.slack-edge.com%2Fdf10d%2Fimg%2Favatars%2Fava_0013-72.png",
            "first_name": "Tessa",
            "real_name": "Tessa",
            "display_name": "Tessa",
            "team": "T0295DCGC1W",
            "name": "s3775931",
            "is_restricted": false,
            "is_ultra_restricted": false
        },
        "blocks": [
            {
                "type": "rich_text",
                "block_id": "+s7",
                "elements": [
                    {
                        "type": "rich_text_section",
                        "elements": [
                            {
                                "type": "text",
                                "text": "okay perfect"
                            }
                        ]
                    }
                ]
            }
        ]
    },
    {
        "client_msg_id": "2e556c11-80a5-45d5-9cce-8e7950998ee1",
        "type": "message",
        "text": "Since books dont need to be unique. why dont we do it as stock level",
        "user": "U0295DJPBC0",
        "ts": "1631519057.013500",
        "team": "T0295DCGC1W",
        "user_team": "T0295DCGC1W",
        "source_team": "T0295DCGC1W",
        "user_profile": {
            "avatar_hash": "5bf4403d5e1b",
            "image_72": "https:\/\/avatars.slack-edge.com\/2021-07-19\/2293974360132_5bf4403d5e1bba006811_72.png",
            "first_name": "",
            "real_name": "Danny Pham",
            "display_name": "Danny Pham",
            "team": "T0295DCGC1W",
            "name": "s3719046",
            "is_restricted": false,
            "is_ultra_restricted": false
        },
        "blocks": [
            {
                "type": "rich_text",
                "block_id": "piqbz",
                "elements": [
                    {
                        "type": "rich_text_section",
                        "elements": [
                            {
                                "type": "text",
                                "text": "Since books dont need to be unique. why dont we do it as stock level"
                            }
                        ]
                    }
                ]
            }
        ]
    },
    {
        "client_msg_id": "6295760b-26f1-44b7-b404-db83d86274db",
        "type": "message",
        "text": "and when it reaches 0. return out of stuck to front end",
        "user": "U0295DJPBC0",
        "ts": "1631519081.014400",
        "team": "T0295DCGC1W",
        "user_team": "T0295DCGC1W",
        "source_team": "T0295DCGC1W",
        "user_profile": {
            "avatar_hash": "5bf4403d5e1b",
            "image_72": "https:\/\/avatars.slack-edge.com\/2021-07-19\/2293974360132_5bf4403d5e1bba006811_72.png",
            "first_name": "",
            "real_name": "Danny Pham",
            "display_name": "Danny Pham",
            "team": "T0295DCGC1W",
            "name": "s3719046",
            "is_restricted": false,
            "is_ultra_restricted": false
        },
        "blocks": [
            {
                "type": "rich_text",
                "block_id": "RNqbm",
                "elements": [
                    {
                        "type": "rich_text_section",
                        "elements": [
                            {
                                "type": "text",
                                "text": "and when it reaches 0. return out of stuck to front end"
                            }
                        ]
                    }
                ]
            }
        ]
    },
    {
        "client_msg_id": "0e1ce7e0-1579-426c-8b44-16e7d830f361",
        "type": "message",
        "text": "We can do it that way, which is what we currently have, but I was thinking if we update the book class we can eliminate the need for an inventory service",
        "user": "U02811FL3QF",
        "ts": "1631519173.015900",
        "team": "T0295DCGC1W",
        "user_team": "T0295DCGC1W",
        "source_team": "T0295DCGC1W",
        "user_profile": {
            "avatar_hash": "2084c3d9ca64",
            "image_72": "https:\/\/avatars.slack-edge.com\/2021-08-26\/2421685802051_2084c3d9ca649b7e9eb2_72.jpg",
            "first_name": "",
            "real_name": "Harris Charalambous",
            "display_name": "Harris Charalambous",
            "team": "T0295DCGC1W",
            "name": "s3742332",
            "is_restricted": false,
            "is_ultra_restricted": false
        },
        "blocks": [
            {
                "type": "rich_text",
                "block_id": "gXSF",
                "elements": [
                    {
                        "type": "rich_text_section",
                        "elements": [
                            {
                                "type": "text",
                                "text": "We can do it that way, which is what we currently have, but I was thinking if we update the book class we can eliminate the need for an inventory service"
                            }
                        ]
                    }
                ]
            }
        ]
    }
]