[
    {
        "client_msg_id": "7bc5fd7d-e894-4b6c-84ca-8a4eb2803eb6",
        "type": "message",
        "text": "I just brainstorming the response for frontend to use\nViewing Shopping cart: (Response for viewing shopping cart) Everyone has only 1 shopping cart. Book data is fetched from each book microservice each time to get latest book info. Quantity being the amount to books buying\n```{\n  \"username\": \"<mailto:user@user.com|user@user.com>\",\n  \"orderList\": [\n    {\n      \"bookID\": 1,\n      \"bookTitle\": \"Title\",\n      \"author\": \"Author\",\n      \"bookCost\": 500.01,\n      \"bookType\": \"new\",\n      \"sellerName\": \"Seller\",\n      \"quantity\": \"5\"\n    },\n    {\n      \"bookID\": 1,\n      \"bookTitle\": \"Title\",\n      \"author\": \"Author\",\n      \"bookCost\": 300,\n      \"bookType\": \"used\",\n      \"sellerName\": \"CustomerSellingBookName\",\n      \"quantity\": \"1\"\n    }\n  ],\n}```",
        "user": "U0295DJPBC0",
        "ts": "1631797238.000900",
        "team": "T0295DCGC1W",
        "user_team": "T0295DCGC1W",
        "source_team": "T0295DCGC1W",
        "user_profile": {
            "avatar_hash": "5bf4403d5e1b",
            "image_72": "https:\/\/avatars.slack-edge.com\/2021-07-19\/2293974360132_5bf4403d5e1bba006811_72.png",
            "first_name": "",
            "real_name": "Danny Pham",
            "display_name": "Danny Pham",
            "team": "T0295DCGC1W",
            "name": "s3719046",
            "is_restricted": false,
            "is_ultra_restricted": false
        },
        "edited": {
            "user": "U0295DJPBC0",
            "ts": "1631805269.000000"
        },
        "blocks": [
            {
                "type": "rich_text",
                "block_id": "UNpFd",
                "elements": [
                    {
                        "type": "rich_text_section",
                        "elements": [
                            {
                                "type": "text",
                                "text": "I just brainstorming the response for frontend to use\nViewing Shopping cart: (Response for viewing shopping cart) Everyone has only 1 shopping cart. Book data is fetched from each book microservice each time to get latest book info. Quantity being the amount to books buying\n"
                            }
                        ]
                    },
                    {
                        "type": "rich_text_preformatted",
                        "elements": [
                            {
                                "type": "text",
                                "text": "{\n  \"username\": \"user@user.com\",\n  \"orderList\": [\n    {\n      \"bookID\": 1,\n      \"bookTitle\": \"Title\",\n      \"author\": \"Author\",\n      \"bookCost\": 500.01,\n      \"bookType\": \"new\",\n      \"sellerName\": \"Seller\",\n      \"quantity\": \"5\"\n    },\n    {\n      \"bookID\": 1,\n      \"bookTitle\": \"Title\",\n      \"author\": \"Author\",\n      \"bookCost\": 300,\n      \"bookType\": \"used\",\n      \"sellerName\": \"CustomerSellingBookName\",\n      \"quantity\": \"1\"\n    }\n  ],\n}"
                            }
                        ]
                    }
                ]
            }
        ]
    },
    {
        "client_msg_id": "6da0248b-6c4f-4a05-a219-3a4542c1455d",
        "type": "message",
        "text": "Shopping cart is purchased to create an order: (Response for order history) 2 orders are returned\n```{\n  \"orderID\": 1,\n  \"username\": \"<mailto:user@user.com|user@user.com>\",\n  \"orderList\": [\n    {\n      \"bookID\": 1,\n      \"bookTitle\": \"Title\",\n      \"author\": \"Author\",\n      \"bookCost\": 500.01,\n      \"bookType\": \"new\",\n      \"sellerName\": \"Seller\",\n      \"quantity\": \"5\"\n    },\n    {\n      \"bookID\": 1,\n      \"bookTitle\": \"Title\",\n      \"author\": \"Author\",\n      \"bookCost\": 300,\n      \"bookType\": \"used\",\n      \"sellerName\": \"CustomerSellingBookName\",\n      \"quantity\": \"1\"\n    }\n  ],\n  \"totalCost\": 10000,\n  \"status\": \"completed\",\n  \"address\": \"Address street\"\n}\n{\n  \"orderID\": 6,\n  \"username\": \"<mailto:user@user.com|user@user.com>\",\n  \"orderList\": [\n    {\n      \"bookID\": 1,\n      \"bookTitle\": \"Title\",\n      \"author\": \"Author\",\n      \"bookCost\": 500.01,\n      \"bookType\": \"new\",\n      \"sellerName\": \"Seller\",\n      \"quantity\": \"5\"\n    },\n    {\n      \"bookID\": 1,\n      \"bookTitle\": \"Title\",\n      \"author\": \"Author\",\n      \"bookCost\": 300,\n      \"bookType\": \"used\",\n      \"sellerName\": \"CustomerSellingBookName\",\n      \"quantity\": \"1\"\n    }\n  ],\n  \"totalCost\": 10000,\n  \"status\": \"completed\",\n  \"address\": \"Address street\"\n}```",
        "user": "U0295DJPBC0",
        "ts": "1631797442.002300",
        "team": "T0295DCGC1W",
        "user_team": "T0295DCGC1W",
        "source_team": "T0295DCGC1W",
        "user_profile": {
            "avatar_hash": "5bf4403d5e1b",
            "image_72": "https:\/\/avatars.slack-edge.com\/2021-07-19\/2293974360132_5bf4403d5e1bba006811_72.png",
            "first_name": "",
            "real_name": "Danny Pham",
            "display_name": "Danny Pham",
            "team": "T0295DCGC1W",
            "name": "s3719046",
            "is_restricted": false,
            "is_ultra_restricted": false
        },
        "edited": {
            "user": "U0295DJPBC0",
            "ts": "1631797768.000000"
        },
        "blocks": [
            {
                "type": "rich_text",
                "block_id": "dCRIO",
                "elements": [
                    {
                        "type": "rich_text_section",
                        "elements": [
                            {
                                "type": "text",
                                "text": "Shopping cart is purchased to create an order: (Response for order history) 2 orders are returned\n"
                            }
                        ]
                    },
                    {
                        "type": "rich_text_preformatted",
                        "elements": [
                            {
                                "type": "text",
                                "text": "{\n  \"orderID\": 1,\n  \"username\": \"user@user.com\",\n  \"orderList\": [\n    {\n      \"bookID\": 1,\n      \"bookTitle\": \"Title\",\n      \"author\": \"Author\",\n      \"bookCost\": 500.01,\n      \"bookType\": \"new\",\n      \"sellerName\": \"Seller\",\n      \"quantity\": \"5\"\n    },\n    {\n      \"bookID\": 1,\n      \"bookTitle\": \"Title\",\n      \"author\": \"Author\",\n      \"bookCost\": 300,\n      \"bookType\": \"used\",\n      \"sellerName\": \"CustomerSellingBookName\",\n      \"quantity\": \"1\"\n    }\n  ],\n  \"totalCost\": 10000,\n  \"status\": \"completed\",\n  \"address\": \"Address street\"\n}\n{\n  \"orderID\": 6,\n  \"username\": \"user@user.com\",\n  \"orderList\": [\n    {\n      \"bookID\": 1,\n      \"bookTitle\": \"Title\",\n      \"author\": \"Author\",\n      \"bookCost\": 500.01,\n      \"bookType\": \"new\",\n      \"sellerName\": \"Seller\",\n      \"quantity\": \"5\"\n    },\n    {\n      \"bookID\": 1,\n      \"bookTitle\": \"Title\",\n      \"author\": \"Author\",\n      \"bookCost\": 300,\n      \"bookType\": \"used\",\n      \"sellerName\": \"CustomerSellingBookName\",\n      \"quantity\": \"1\"\n    }\n  ],\n  \"totalCost\": 10000,\n  \"status\": \"completed\",\n  \"address\": \"Address street\"\n}"
                            }
                        ]
                    }
                ]
            }
        ]
    },
    {
        "client_msg_id": "0526b2a7-fef6-4ba7-a417-ba54ce9336db",
        "type": "message",
        "text": "We also need a catergories api for genres, it will return a list of genres.",
        "user": "U0295DJPBC0",
        "ts": "1631805313.000600",
        "team": "T0295DCGC1W",
        "user_team": "T0295DCGC1W",
        "source_team": "T0295DCGC1W",
        "user_profile": {
            "avatar_hash": "5bf4403d5e1b",
            "image_72": "https:\/\/avatars.slack-edge.com\/2021-07-19\/2293974360132_5bf4403d5e1bba006811_72.png",
            "first_name": "",
            "real_name": "Danny Pham",
            "display_name": "Danny Pham",
            "team": "T0295DCGC1W",
            "name": "s3719046",
            "is_restricted": false,
            "is_ultra_restricted": false
        },
        "blocks": [
            {
                "type": "rich_text",
                "block_id": "JgDI",
                "elements": [
                    {
                        "type": "rich_text_section",
                        "elements": [
                            {
                                "type": "text",
                                "text": "We also need a catergories api for genres, it will return a list of genres."
                            }
                        ]
                    }
                ]
            }
        ]
    },
    {
        "client_msg_id": "ca0e27d7-cf9b-4b4c-85e0-905e079da4d6",
        "type": "message",
        "text": "Books will need a categories[] to store multiple catergories",
        "user": "U0295DJPBC0",
        "ts": "1631805333.001100",
        "team": "T0295DCGC1W",
        "user_team": "T0295DCGC1W",
        "source_team": "T0295DCGC1W",
        "user_profile": {
            "avatar_hash": "5bf4403d5e1b",
            "image_72": "https:\/\/avatars.slack-edge.com\/2021-07-19\/2293974360132_5bf4403d5e1bba006811_72.png",
            "first_name": "",
            "real_name": "Danny Pham",
            "display_name": "Danny Pham",
            "team": "T0295DCGC1W",
            "name": "s3719046",
            "is_restricted": false,
            "is_ultra_restricted": false
        },
        "blocks": [
            {
                "type": "rich_text",
                "block_id": "tQD",
                "elements": [
                    {
                        "type": "rich_text_section",
                        "elements": [
                            {
                                "type": "text",
                                "text": "Books will need a categories[] to store multiple catergories"
                            }
                        ]
                    }
                ]
            }
        ]
    },
    {
        "client_msg_id": "053b36cf-5966-4918-b3c1-254042fe7abe",
        "type": "message",
        "text": "and a way to search specific categories",
        "user": "U0295DJPBC0",
        "ts": "1631805351.001600",
        "team": "T0295DCGC1W",
        "user_team": "T0295DCGC1W",
        "source_team": "T0295DCGC1W",
        "user_profile": {
            "avatar_hash": "5bf4403d5e1b",
            "image_72": "https:\/\/avatars.slack-edge.com\/2021-07-19\/2293974360132_5bf4403d5e1bba006811_72.png",
            "first_name": "",
            "real_name": "Danny Pham",
            "display_name": "Danny Pham",
            "team": "T0295DCGC1W",
            "name": "s3719046",
            "is_restricted": false,
            "is_ultra_restricted": false
        },
        "blocks": [
            {
                "type": "rich_text",
                "block_id": "HX9",
                "elements": [
                    {
                        "type": "rich_text_section",
                        "elements": [
                            {
                                "type": "text",
                                "text": "and a way to search specific categories"
                            }
                        ]
                    }
                ]
            }
        ]
    },
    {
        "client_msg_id": "35dc7ece-186e-4cfb-9660-65af32fa41aa",
        "type": "message",
        "text": "You might want to use springboot eureka, the more I read about it, the more it makes sense. We can use it to connect to each microservice. But thats it from there. idk what it does afterwards. I think you can run funcitons? maybe from service?",
        "user": "U0295DJPBC0",
        "ts": "1631806660.001300",
        "team": "T0295DCGC1W",
        "user_team": "T0295DCGC1W",
        "source_team": "T0295DCGC1W",
        "user_profile": {
            "avatar_hash": "5bf4403d5e1b",
            "image_72": "https:\/\/avatars.slack-edge.com\/2021-07-19\/2293974360132_5bf4403d5e1bba006811_72.png",
            "first_name": "",
            "real_name": "Danny Pham",
            "display_name": "Danny Pham",
            "team": "T0295DCGC1W",
            "name": "s3719046",
            "is_restricted": false,
            "is_ultra_restricted": false
        },
        "blocks": [
            {
                "type": "rich_text",
                "block_id": "YeJh",
                "elements": [
                    {
                        "type": "rich_text_section",
                        "elements": [
                            {
                                "type": "text",
                                "text": "You might want to use springboot eureka, the more I read about it, the more it makes sense. We can use it to connect to each microservice. But thats it from there. idk what it does afterwards. I think you can run funcitons? maybe from service?"
                            }
                        ]
                    }
                ]
            }
        ]
    },
    {
        "client_msg_id": "8fc4c112-5ff2-4c01-9f59-c35151ef73ff",
        "type": "message",
        "text": "<https:\/\/github.com\/mechero\/spring-boot-eureka>",
        "user": "U0295DJPBC0",
        "ts": "1631807821.001500",
        "team": "T0295DCGC1W",
        "user_team": "T0295DCGC1W",
        "source_team": "T0295DCGC1W",
        "user_profile": {
            "avatar_hash": "5bf4403d5e1b",
            "image_72": "https:\/\/avatars.slack-edge.com\/2021-07-19\/2293974360132_5bf4403d5e1bba006811_72.png",
            "first_name": "",
            "real_name": "Danny Pham",
            "display_name": "Danny Pham",
            "team": "T0295DCGC1W",
            "name": "s3719046",
            "is_restricted": false,
            "is_ultra_restricted": false
        },
        "attachments": [
            {
                "service_name": "GitHub",
                "title": "GitHub - mechero\/spring-boot-eureka: Sample project using Eureka and Spring Boot 2",
                "title_link": "https:\/\/github.com\/mechero\/spring-boot-eureka",
                "text": "Sample project using Eureka and Spring Boot 2. Contribute to mechero\/spring-boot-eureka development by creating an account on GitHub.",
                "fallback": "GitHub: GitHub - mechero\/spring-boot-eureka: Sample project using Eureka and Spring Boot 2",
                "image_url": "https:\/\/opengraph.githubassets.com\/b0848d3f411aea4b2a0683cc7bf8b8e911def1e5c27fb0e2b301d83f6e86a731\/mechero\/spring-boot-eureka",
                "image_width": 500,
                "image_height": 250,
                "from_url": "https:\/\/github.com\/mechero\/spring-boot-eureka",
                "image_bytes": 55847,
                "service_icon": "https:\/\/a.slack-edge.com\/80588\/img\/unfurl_icons\/github.png",
                "id": 1,
                "original_url": "https:\/\/github.com\/mechero\/spring-boot-eureka"
            }
        ],
        "blocks": [
            {
                "type": "rich_text",
                "block_id": "qaQ",
                "elements": [
                    {
                        "type": "rich_text_section",
                        "elements": [
                            {
                                "type": "link",
                                "url": "https:\/\/github.com\/mechero\/spring-boot-eureka"
                            }
                        ]
                    }
                ]
            }
        ]
    },
    {
        "client_msg_id": "8891dc9a-691e-48ae-8d42-35a97814f653",
        "type": "message",
        "text": "```\/getBooksByCategory\/{category}```\ncategories endpoint created to search by category. not 100% sure how to create an api to return list of valid categories just yet",
        "user": "U028CMUCJ5B",
        "ts": "1631857410.000100",
        "team": "T0295DCGC1W",
        "user_team": "T0295DCGC1W",
        "source_team": "T0295DCGC1W",
        "user_profile": {
            "avatar_hash": "g8e0cff6399e",
            "image_72": "https:\/\/secure.gravatar.com\/avatar\/8e0cff6399ee308d16a678953552af5b.jpg?s=72&d=https%3A%2F%2Fa.slack-edge.com%2Fdf10d%2Fimg%2Favatars%2Fava_0013-72.png",
            "first_name": "Tessa",
            "real_name": "Tessa",
            "display_name": "Tessa",
            "team": "T0295DCGC1W",
            "name": "s3775931",
            "is_restricted": false,
            "is_ultra_restricted": false
        },
        "blocks": [
            {
                "type": "rich_text",
                "block_id": "0Cq",
                "elements": [
                    {
                        "type": "rich_text_preformatted",
                        "elements": [
                            {
                                "type": "text",
                                "text": "\/getBooksByCategory\/{category}"
                            }
                        ]
                    },
                    {
                        "type": "rich_text_section",
                        "elements": [
                            {
                                "type": "text",
                                "text": "categories endpoint created to search by category. not 100% sure how to create an api to return list of valid categories just yet"
                            }
                        ]
                    }
                ]
            }
        ],
        "thread_ts": "1631857410.000100",
        "reply_count": 2,
        "reply_users_count": 2,
        "latest_reply": "1631857995.000400",
        "reply_users": [
            "U028CMUCJ5B",
            "U0295DJPBC0"
        ],
        "replies": [
            {
                "user": "U028CMUCJ5B",
                "ts": "1631857423.000200"
            },
            {
                "user": "U0295DJPBC0",
                "ts": "1631857995.000400"
            }
        ],
        "is_locked": false,
        "subscribed": true,
        "last_read": "1631857995.000400"
    },
    {
        "client_msg_id": "48c3ff8a-597d-4720-8b79-4ead7f4c2a6c",
        "type": "message",
        "text": "sorry this should have been in frontend <@U0295DJPBC0>",
        "user": "U028CMUCJ5B",
        "ts": "1631857423.000200",
        "team": "T0295DCGC1W",
        "user_team": "T0295DCGC1W",
        "source_team": "T0295DCGC1W",
        "user_profile": {
            "avatar_hash": "g8e0cff6399e",
            "image_72": "https:\/\/secure.gravatar.com\/avatar\/8e0cff6399ee308d16a678953552af5b.jpg?s=72&d=https%3A%2F%2Fa.slack-edge.com%2Fdf10d%2Fimg%2Favatars%2Fava_0013-72.png",
            "first_name": "Tessa",
            "real_name": "Tessa",
            "display_name": "Tessa",
            "team": "T0295DCGC1W",
            "name": "s3775931",
            "is_restricted": false,
            "is_ultra_restricted": false
        },
        "blocks": [
            {
                "type": "rich_text",
                "block_id": "d9cp\/",
                "elements": [
                    {
                        "type": "rich_text_section",
                        "elements": [
                            {
                                "type": "text",
                                "text": "sorry this should have been in frontend "
                            },
                            {
                                "type": "user",
                                "user_id": "U0295DJPBC0"
                            }
                        ]
                    }
                ]
            }
        ],
        "thread_ts": "1631857410.000100",
        "parent_user_id": "U028CMUCJ5B"
    },
    {
        "client_msg_id": "55c72275-0b43-4c55-af3f-56544f968a71",
        "type": "message",
        "text": "algood.",
        "user": "U0295DJPBC0",
        "ts": "1631857995.000400",
        "team": "T0295DCGC1W",
        "user_team": "T0295DCGC1W",
        "source_team": "T0295DCGC1W",
        "user_profile": {
            "avatar_hash": "5bf4403d5e1b",
            "image_72": "https:\/\/avatars.slack-edge.com\/2021-07-19\/2293974360132_5bf4403d5e1bba006811_72.png",
            "first_name": "",
            "real_name": "Danny Pham",
            "display_name": "Danny Pham",
            "team": "T0295DCGC1W",
            "name": "s3719046",
            "is_restricted": false,
            "is_ultra_restricted": false
        },
        "blocks": [
            {
                "type": "rich_text",
                "block_id": "\/e2b",
                "elements": [
                    {
                        "type": "rich_text_section",
                        "elements": [
                            {
                                "type": "text",
                                "text": "algood."
                            }
                        ]
                    }
                ]
            }
        ],
        "thread_ts": "1631857410.000100",
        "parent_user_id": "U028CMUCJ5B"
    }
]