[
    {
        "client_msg_id": "223e52ab-0dfd-47ca-a6f1-1af0f1b1835b",
        "type": "message",
        "text": "how is transactions going. <@U028CMUCJ5B>",
        "user": "U0295DJPBC0",
        "ts": "1631425558.000500",
        "team": "T0295DCGC1W",
        "user_team": "T0295DCGC1W",
        "source_team": "T0295DCGC1W",
        "user_profile": {
            "avatar_hash": "5bf4403d5e1b",
            "image_72": "https:\/\/avatars.slack-edge.com\/2021-07-19\/2293974360132_5bf4403d5e1bba006811_72.png",
            "first_name": "",
            "real_name": "Danny Pham",
            "display_name": "Danny Pham",
            "team": "T0295DCGC1W",
            "name": "s3719046",
            "is_restricted": false,
            "is_ultra_restricted": false
        },
        "blocks": [
            {
                "type": "rich_text",
                "block_id": "EjO",
                "elements": [
                    {
                        "type": "rich_text_section",
                        "elements": [
                            {
                                "type": "text",
                                "text": "how is transactions going. "
                            },
                            {
                                "type": "user",
                                "user_id": "U028CMUCJ5B"
                            }
                        ]
                    }
                ]
            }
        ]
    },
    {
        "client_msg_id": "fb3a856c-8fa9-478a-b96a-23a402f6e3d7",
        "type": "message",
        "text": "and how are we doing the flow between each microservice. would the front end need to communicate to all microtransactions when buying a book?\nbuy book. decrement stock(book micro) create order (transactions micro) then inventory to add book?",
        "user": "U0295DJPBC0",
        "ts": "1631425678.003600",
        "team": "T0295DCGC1W",
        "user_team": "T0295DCGC1W",
        "source_team": "T0295DCGC1W",
        "user_profile": {
            "avatar_hash": "5bf4403d5e1b",
            "image_72": "https:\/\/avatars.slack-edge.com\/2021-07-19\/2293974360132_5bf4403d5e1bba006811_72.png",
            "first_name": "",
            "real_name": "Danny Pham",
            "display_name": "Danny Pham",
            "team": "T0295DCGC1W",
            "name": "s3719046",
            "is_restricted": false,
            "is_ultra_restricted": false
        },
        "blocks": [
            {
                "type": "rich_text",
                "block_id": "QYIHO",
                "elements": [
                    {
                        "type": "rich_text_section",
                        "elements": [
                            {
                                "type": "text",
                                "text": "and how are we doing the flow between each microservice. would the front end need to communicate to all microtransactions when buying a book?\nbuy book. decrement stock(book micro) create order (transactions micro) then inventory to add book?"
                            }
                        ]
                    }
                ]
            }
        ],
        "thread_ts": "1631425678.003600",
        "reply_count": 2,
        "reply_users_count": 1,
        "latest_reply": "1631427314.006300",
        "reply_users": [
            "U02811FL3QF"
        ],
        "replies": [
            {
                "user": "U02811FL3QF",
                "ts": "1631427278.006100"
            },
            {
                "user": "U02811FL3QF",
                "ts": "1631427314.006300"
            }
        ],
        "is_locked": false,
        "subscribed": false
    },
    {
        "client_msg_id": "1a7610bb-dd93-40c8-a5fa-7a4dcdec3c9d",
        "type": "message",
        "text": "or will there be a buy endpoint. that then communicates to each other backend microservice.",
        "user": "U0295DJPBC0",
        "ts": "1631425747.005200",
        "team": "T0295DCGC1W",
        "user_team": "T0295DCGC1W",
        "source_team": "T0295DCGC1W",
        "user_profile": {
            "avatar_hash": "5bf4403d5e1b",
            "image_72": "https:\/\/avatars.slack-edge.com\/2021-07-19\/2293974360132_5bf4403d5e1bba006811_72.png",
            "first_name": "",
            "real_name": "Danny Pham",
            "display_name": "Danny Pham",
            "team": "T0295DCGC1W",
            "name": "s3719046",
            "is_restricted": false,
            "is_ultra_restricted": false
        },
        "blocks": [
            {
                "type": "rich_text",
                "block_id": "Pgx9c",
                "elements": [
                    {
                        "type": "rich_text_section",
                        "elements": [
                            {
                                "type": "text",
                                "text": "or will there be a buy endpoint. that then communicates to each other backend microservice."
                            }
                        ]
                    }
                ]
            }
        ]
    },
    {
        "client_msg_id": "ce691871-2270-46b3-a57b-18b619c3eef6",
        "type": "message",
        "text": "Also, running more than 1 backend microservices, breaks the others. if you guys can solve it asap tyty. something to do with databases i think",
        "user": "U0295DJPBC0",
        "ts": "1631425821.006000",
        "team": "T0295DCGC1W",
        "user_team": "T0295DCGC1W",
        "source_team": "T0295DCGC1W",
        "user_profile": {
            "avatar_hash": "5bf4403d5e1b",
            "image_72": "https:\/\/avatars.slack-edge.com\/2021-07-19\/2293974360132_5bf4403d5e1bba006811_72.png",
            "first_name": "",
            "real_name": "Danny Pham",
            "display_name": "Danny Pham",
            "team": "T0295DCGC1W",
            "name": "s3719046",
            "is_restricted": false,
            "is_ultra_restricted": false
        },
        "blocks": [
            {
                "type": "rich_text",
                "block_id": "gdl",
                "elements": [
                    {
                        "type": "rich_text_section",
                        "elements": [
                            {
                                "type": "text",
                                "text": "Also, running more than 1 backend microservices, breaks the others. if you guys can solve it asap tyty. something to do with databases i think"
                            }
                        ]
                    }
                ]
            }
        ],
        "thread_ts": "1631425821.006000",
        "reply_count": 1,
        "reply_users_count": 1,
        "latest_reply": "1631428553.006500",
        "reply_users": [
            "U028CMUCJ5B"
        ],
        "replies": [
            {
                "user": "U028CMUCJ5B",
                "ts": "1631428553.006500"
            }
        ],
        "is_locked": false,
        "subscribed": true,
        "last_read": "1631428553.006500"
    },
    {
        "client_msg_id": "ac77365b-37c6-4a10-8c58-58676940ba3a",
        "type": "message",
        "text": "I think in the front end we make 3 seperate calls, 1 for each microservice",
        "user": "U02811FL3QF",
        "ts": "1631427278.006100",
        "team": "T0295DCGC1W",
        "user_team": "T0295DCGC1W",
        "source_team": "T0295DCGC1W",
        "user_profile": {
            "avatar_hash": "2084c3d9ca64",
            "image_72": "https:\/\/avatars.slack-edge.com\/2021-08-26\/2421685802051_2084c3d9ca649b7e9eb2_72.jpg",
            "first_name": "",
            "real_name": "Harris Charalambous",
            "display_name": "Harris Charalambous",
            "team": "T0295DCGC1W",
            "name": "s3742332",
            "is_restricted": false,
            "is_ultra_restricted": false
        },
        "blocks": [
            {
                "type": "rich_text",
                "block_id": "oZCF",
                "elements": [
                    {
                        "type": "rich_text_section",
                        "elements": [
                            {
                                "type": "text",
                                "text": "I think in the front end we make 3 seperate calls, 1 for each microservice"
                            }
                        ]
                    }
                ]
            }
        ],
        "thread_ts": "1631425678.003600",
        "parent_user_id": "U0295DJPBC0"
    },
    {
        "client_msg_id": "1f767f07-2fb3-4e3f-9d85-1377c182ea97",
        "type": "message",
        "text": "In the transaction we pass through 2 ints, 1 for the user id and 1 for the book id",
        "user": "U02811FL3QF",
        "ts": "1631427314.006300",
        "team": "T0295DCGC1W",
        "user_team": "T0295DCGC1W",
        "source_team": "T0295DCGC1W",
        "user_profile": {
            "avatar_hash": "2084c3d9ca64",
            "image_72": "https:\/\/avatars.slack-edge.com\/2021-08-26\/2421685802051_2084c3d9ca649b7e9eb2_72.jpg",
            "first_name": "",
            "real_name": "Harris Charalambous",
            "display_name": "Harris Charalambous",
            "team": "T0295DCGC1W",
            "name": "s3742332",
            "is_restricted": false,
            "is_ultra_restricted": false
        },
        "blocks": [
            {
                "type": "rich_text",
                "block_id": "rF8+",
                "elements": [
                    {
                        "type": "rich_text_section",
                        "elements": [
                            {
                                "type": "text",
                                "text": "In the transaction we pass through 2 ints, 1 for the user id and 1 for the book id"
                            }
                        ]
                    }
                ]
            }
        ],
        "thread_ts": "1631425678.003600",
        "parent_user_id": "U0295DJPBC0"
    },
    {
        "client_msg_id": "0c743fa1-5f07-463e-bd5d-c5b7dcc96b91",
        "type": "message",
        "text": "we cant solve the database until we upgrade to aws so we’re stuck there i think",
        "user": "U028CMUCJ5B",
        "ts": "1631428553.006500",
        "team": "T0295DCGC1W",
        "user_team": "T0295DCGC1W",
        "source_team": "T0295DCGC1W",
        "user_profile": {
            "avatar_hash": "g8e0cff6399e",
            "image_72": "https:\/\/secure.gravatar.com\/avatar\/8e0cff6399ee308d16a678953552af5b.jpg?s=72&d=https%3A%2F%2Fa.slack-edge.com%2Fdf10d%2Fimg%2Favatars%2Fava_0013-72.png",
            "first_name": "Tessa",
            "real_name": "Tessa",
            "display_name": "Tessa",
            "team": "T0295DCGC1W",
            "name": "s3775931",
            "is_restricted": false,
            "is_ultra_restricted": false
        },
        "blocks": [
            {
                "type": "rich_text",
                "block_id": "AUm",
                "elements": [
                    {
                        "type": "rich_text_section",
                        "elements": [
                            {
                                "type": "text",
                                "text": "we cant solve the database until we upgrade to aws so we’re stuck there i think"
                            }
                        ]
                    }
                ]
            }
        ],
        "thread_ts": "1631425821.006000",
        "parent_user_id": "U0295DJPBC0"
    }
]