[
    {
        "client_msg_id": "28408b4f-94c8-467b-b169-be4046aefe92",
        "type": "message",
        "text": "Can we make sure that microservices don't leave errors when using postman\/frontend for endpoints. I'm having to spend time fixing backend which isn't my role...",
        "user": "U0295DJPBC0",
        "ts": "1631460305.001300",
        "team": "T0295DCGC1W",
        "user_team": "T0295DCGC1W",
        "source_team": "T0295DCGC1W",
        "user_profile": {
            "avatar_hash": "5bf4403d5e1b",
            "image_72": "https:\/\/avatars.slack-edge.com\/2021-07-19\/2293974360132_5bf4403d5e1bba006811_72.png",
            "first_name": "",
            "real_name": "Danny Pham",
            "display_name": "Danny Pham",
            "team": "T0295DCGC1W",
            "name": "s3719046",
            "is_restricted": false,
            "is_ultra_restricted": false
        },
        "blocks": [
            {
                "type": "rich_text",
                "block_id": "i45Sd",
                "elements": [
                    {
                        "type": "rich_text_section",
                        "elements": [
                            {
                                "type": "text",
                                "text": "Can we make sure that microservices don't leave errors when using postman\/frontend for endpoints. I'm having to spend time fixing backend which isn't my role..."
                            }
                        ]
                    }
                ]
            }
        ],
        "reactions": [
            {
                "name": "+1",
                "users": [
                    "U028CMUCJ5B"
                ],
                "count": 1
            }
        ]
    }
]