[
    {
        "client_msg_id": "fab5a84d-e953-41cd-90f6-23fe53ac14a8",
        "type": "message",
        "text": "Hey guys I am currently working on test cases for the Book class, I was told last semester that making tests for setters and getters is pretty useless, so I decided to just test 2\/3 getters and also test the true\/false functions is that fine? Or would you guys rather I make a test for every single function?",
        "user": "U028MUSM01J",
        "ts": "1631093849.001400",
        "team": "T0295DCGC1W",
        "user_team": "T0295DCGC1W",
        "source_team": "T0295DCGC1W",
        "user_profile": {
            "avatar_hash": "g85a3f76175d",
            "image_72": "https:\/\/secure.gravatar.com\/avatar\/85a3f76175d92fefe6ad3e1db0e8de72.jpg?s=72&d=https%3A%2F%2Fa.slack-edge.com%2Fdf10d%2Fimg%2Favatars%2Fava_0010-72.png",
            "first_name": "",
            "real_name": "Clinton Thai",
            "display_name": "Clinton Thai",
            "team": "T0295DCGC1W",
            "name": "s3840992",
            "is_restricted": false,
            "is_ultra_restricted": false
        },
        "blocks": [
            {
                "type": "rich_text",
                "block_id": "g3hq",
                "elements": [
                    {
                        "type": "rich_text_section",
                        "elements": [
                            {
                                "type": "text",
                                "text": "Hey guys I am currently working on test cases for the Book class, I was told last semester that making tests for setters and getters is pretty useless, so I decided to just test 2\/3 getters and also test the true\/false functions is that fine? Or would you guys rather I make a test for every single function?"
                            }
                        ]
                    }
                ]
            }
        ]
    },
    {
        "client_msg_id": "6d1071e8-160e-4c30-887b-3c1ef8f13302",
        "type": "message",
        "text": "should be fine, its the controllers that need the most testing",
        "user": "U02811FL3QF",
        "ts": "1631093908.001700",
        "team": "T0295DCGC1W",
        "user_team": "T0295DCGC1W",
        "source_team": "T0295DCGC1W",
        "user_profile": {
            "avatar_hash": "2084c3d9ca64",
            "image_72": "https:\/\/avatars.slack-edge.com\/2021-08-26\/2421685802051_2084c3d9ca649b7e9eb2_72.jpg",
            "first_name": "",
            "real_name": "Harris Charalambous",
            "display_name": "Harris Charalambous",
            "team": "T0295DCGC1W",
            "name": "s3742332",
            "is_restricted": false,
            "is_ultra_restricted": false
        },
        "blocks": [
            {
                "type": "rich_text",
                "block_id": "YtjCf",
                "elements": [
                    {
                        "type": "rich_text_section",
                        "elements": [
                            {
                                "type": "text",
                                "text": "should be fine, its the controllers that need the most testing"
                            }
                        ]
                    }
                ]
            }
        ]
    },
    {
        "client_msg_id": "2f4307bb-bb42-4fde-81df-b7a76c16e7b4",
        "type": "message",
        "text": "Sure, I have pushed my tests for books onto my clinton-testing branch, let me know if it looks fine",
        "user": "U028MUSM01J",
        "ts": "1631093949.002300",
        "team": "T0295DCGC1W",
        "user_team": "T0295DCGC1W",
        "source_team": "T0295DCGC1W",
        "user_profile": {
            "avatar_hash": "g85a3f76175d",
            "image_72": "https:\/\/secure.gravatar.com\/avatar\/85a3f76175d92fefe6ad3e1db0e8de72.jpg?s=72&d=https%3A%2F%2Fa.slack-edge.com%2Fdf10d%2Fimg%2Favatars%2Fava_0010-72.png",
            "first_name": "",
            "real_name": "Clinton Thai",
            "display_name": "Clinton Thai",
            "team": "T0295DCGC1W",
            "name": "s3840992",
            "is_restricted": false,
            "is_ultra_restricted": false
        },
        "blocks": [
            {
                "type": "rich_text",
                "block_id": "0FI",
                "elements": [
                    {
                        "type": "rich_text_section",
                        "elements": [
                            {
                                "type": "text",
                                "text": "Sure, I have pushed my tests for books onto my clinton-testing branch, let me know if it looks fine"
                            }
                        ]
                    }
                ]
            }
        ]
    }
]