[
    {
        "type": "message",
        "text": "Hey guys I am currently doing jest\/enzyme tests on frontend and I am getting errors trying to set it up properly. The first error I got is \"Cannot find module '..\/App' from 'App.test.js', so I wanna know, how do I import App.js into containers\/__ tests __\/App.test.js.\n\nThe second error I am getting is \"Element type is invalid: expected a string (for built-in components) or a class\/function (for composite components) but got: undefined. You likely forgot to export your component from the file it's defined in, or you might have mixed up default and named imports.\" I am not sure how js works but do I have to do any npm installs to get everything running properly?",
        "files": [
            {
                "id": "F02EQ7CDW3W",
                "created": 1631712402,
                "timestamp": 1631712402,
                "name": "image.png",
                "title": "image.png",
                "mimetype": "image\/png",
                "filetype": "png",
                "pretty_type": "PNG",
                "user": "U028MUSM01J",
                "editable": false,
                "size": 259963,
                "mode": "hosted",
                "is_external": false,
                "external_type": "",
                "is_public": true,
                "public_url_shared": false,
                "display_as_bot": false,
                "username": "",
                "url_private": "https:\/\/files.slack.com\/files-pri\/T0295DCGC1W-F02EQ7CDW3W\/image.png?t=xoxe-2311454556064-2499511529910-2506255268787-4ae9ed41410513eafb10ab9c3d38a89d",
                "url_private_download": "https:\/\/files.slack.com\/files-pri\/T0295DCGC1W-F02EQ7CDW3W\/download\/image.png?t=xoxe-2311454556064-2499511529910-2506255268787-4ae9ed41410513eafb10ab9c3d38a89d",
                "thumb_64": "https:\/\/files.slack.com\/files-tmb\/T0295DCGC1W-F02EQ7CDW3W-002bf052a7\/image_64.png?t=xoxe-2311454556064-2499511529910-2506255268787-4ae9ed41410513eafb10ab9c3d38a89d",
                "thumb_80": "https:\/\/files.slack.com\/files-tmb\/T0295DCGC1W-F02EQ7CDW3W-002bf052a7\/image_80.png?t=xoxe-2311454556064-2499511529910-2506255268787-4ae9ed41410513eafb10ab9c3d38a89d",
                "thumb_360": "https:\/\/files.slack.com\/files-tmb\/T0295DCGC1W-F02EQ7CDW3W-002bf052a7\/image_360.png?t=xoxe-2311454556064-2499511529910-2506255268787-4ae9ed41410513eafb10ab9c3d38a89d",
                "thumb_360_w": 360,
                "thumb_360_h": 203,
                "thumb_480": "https:\/\/files.slack.com\/files-tmb\/T0295DCGC1W-F02EQ7CDW3W-002bf052a7\/image_480.png?t=xoxe-2311454556064-2499511529910-2506255268787-4ae9ed41410513eafb10ab9c3d38a89d",
                "thumb_480_w": 480,
                "thumb_480_h": 270,
                "thumb_160": "https:\/\/files.slack.com\/files-tmb\/T0295DCGC1W-F02EQ7CDW3W-002bf052a7\/image_160.png?t=xoxe-2311454556064-2499511529910-2506255268787-4ae9ed41410513eafb10ab9c3d38a89d",
                "thumb_720": "https:\/\/files.slack.com\/files-tmb\/T0295DCGC1W-F02EQ7CDW3W-002bf052a7\/image_720.png?t=xoxe-2311454556064-2499511529910-2506255268787-4ae9ed41410513eafb10ab9c3d38a89d",
                "thumb_720_w": 720,
                "thumb_720_h": 405,
                "thumb_800": "https:\/\/files.slack.com\/files-tmb\/T0295DCGC1W-F02EQ7CDW3W-002bf052a7\/image_800.png?t=xoxe-2311454556064-2499511529910-2506255268787-4ae9ed41410513eafb10ab9c3d38a89d",
                "thumb_800_w": 800,
                "thumb_800_h": 450,
                "thumb_960": "https:\/\/files.slack.com\/files-tmb\/T0295DCGC1W-F02EQ7CDW3W-002bf052a7\/image_960.png?t=xoxe-2311454556064-2499511529910-2506255268787-4ae9ed41410513eafb10ab9c3d38a89d",
                "thumb_960_w": 960,
                "thumb_960_h": 540,
                "thumb_1024": "https:\/\/files.slack.com\/files-tmb\/T0295DCGC1W-F02EQ7CDW3W-002bf052a7\/image_1024.png?t=xoxe-2311454556064-2499511529910-2506255268787-4ae9ed41410513eafb10ab9c3d38a89d",
                "thumb_1024_w": 1024,
                "thumb_1024_h": 576,
                "original_w": 1920,
                "original_h": 1080,
                "thumb_tiny": "AwAbADCoTR2pO1FMAyfWjJoooAKM0UUAHalxxTsA\/nTf8aBCUUHpSUDFoo70o5oA\/9k=",
                "permalink": "https:\/\/softwarecrewworkspace.slack.com\/files\/U028MUSM01J\/F02EQ7CDW3W\/image.png",
                "permalink_public": "https:\/\/slack-files.com\/T0295DCGC1W-F02EQ7CDW3W-537fedf94c",
                "is_starred": false,
                "has_rich_preview": false
            },
            {
                "id": "F02EJ1K9LAF",
                "created": 1631712585,
                "timestamp": 1631712585,
                "name": "image.png",
                "title": "image.png",
                "mimetype": "image\/png",
                "filetype": "png",
                "pretty_type": "PNG",
                "user": "U028MUSM01J",
                "editable": false,
                "size": 271120,
                "mode": "hosted",
                "is_external": false,
                "external_type": "",
                "is_public": true,
                "public_url_shared": false,
                "display_as_bot": false,
                "username": "",
                "url_private": "https:\/\/files.slack.com\/files-pri\/T0295DCGC1W-F02EJ1K9LAF\/image.png?t=xoxe-2311454556064-2499511529910-2506255268787-4ae9ed41410513eafb10ab9c3d38a89d",
                "url_private_download": "https:\/\/files.slack.com\/files-pri\/T0295DCGC1W-F02EJ1K9LAF\/download\/image.png?t=xoxe-2311454556064-2499511529910-2506255268787-4ae9ed41410513eafb10ab9c3d38a89d",
                "thumb_64": "https:\/\/files.slack.com\/files-tmb\/T0295DCGC1W-F02EJ1K9LAF-08cb2b9752\/image_64.png?t=xoxe-2311454556064-2499511529910-2506255268787-4ae9ed41410513eafb10ab9c3d38a89d",
                "thumb_80": "https:\/\/files.slack.com\/files-tmb\/T0295DCGC1W-F02EJ1K9LAF-08cb2b9752\/image_80.png?t=xoxe-2311454556064-2499511529910-2506255268787-4ae9ed41410513eafb10ab9c3d38a89d",
                "thumb_360": "https:\/\/files.slack.com\/files-tmb\/T0295DCGC1W-F02EJ1K9LAF-08cb2b9752\/image_360.png?t=xoxe-2311454556064-2499511529910-2506255268787-4ae9ed41410513eafb10ab9c3d38a89d",
                "thumb_360_w": 360,
                "thumb_360_h": 203,
                "thumb_480": "https:\/\/files.slack.com\/files-tmb\/T0295DCGC1W-F02EJ1K9LAF-08cb2b9752\/image_480.png?t=xoxe-2311454556064-2499511529910-2506255268787-4ae9ed41410513eafb10ab9c3d38a89d",
                "thumb_480_w": 480,
                "thumb_480_h": 270,
                "thumb_160": "https:\/\/files.slack.com\/files-tmb\/T0295DCGC1W-F02EJ1K9LAF-08cb2b9752\/image_160.png?t=xoxe-2311454556064-2499511529910-2506255268787-4ae9ed41410513eafb10ab9c3d38a89d",
                "thumb_720": "https:\/\/files.slack.com\/files-tmb\/T0295DCGC1W-F02EJ1K9LAF-08cb2b9752\/image_720.png?t=xoxe-2311454556064-2499511529910-2506255268787-4ae9ed41410513eafb10ab9c3d38a89d",
                "thumb_720_w": 720,
                "thumb_720_h": 405,
                "thumb_800": "https:\/\/files.slack.com\/files-tmb\/T0295DCGC1W-F02EJ1K9LAF-08cb2b9752\/image_800.png?t=xoxe-2311454556064-2499511529910-2506255268787-4ae9ed41410513eafb10ab9c3d38a89d",
                "thumb_800_w": 800,
                "thumb_800_h": 450,
                "thumb_960": "https:\/\/files.slack.com\/files-tmb\/T0295DCGC1W-F02EJ1K9LAF-08cb2b9752\/image_960.png?t=xoxe-2311454556064-2499511529910-2506255268787-4ae9ed41410513eafb10ab9c3d38a89d",
                "thumb_960_w": 960,
                "thumb_960_h": 540,
                "thumb_1024": "https:\/\/files.slack.com\/files-tmb\/T0295DCGC1W-F02EJ1K9LAF-08cb2b9752\/image_1024.png?t=xoxe-2311454556064-2499511529910-2506255268787-4ae9ed41410513eafb10ab9c3d38a89d",
                "thumb_1024_w": 1024,
                "thumb_1024_h": 576,
                "original_w": 1920,
                "original_h": 1080,
                "thumb_tiny": "AwAbADCoTR2pO1FMAzRRRQAUUUUAHalAFOIBNICc496BDaKCTjrSZoGLRR3pRzQB\/9k=",
                "permalink": "https:\/\/softwarecrewworkspace.slack.com\/files\/U028MUSM01J\/F02EJ1K9LAF\/image.png",
                "permalink_public": "https:\/\/slack-files.com\/T0295DCGC1W-F02EJ1K9LAF-23dffd9058",
                "is_starred": false,
                "has_rich_preview": false
            }
        ],
        "upload": false,
        "blocks": [
            {
                "type": "rich_text",
                "block_id": "pU2R+",
                "elements": [
                    {
                        "type": "rich_text_section",
                        "elements": [
                            {
                                "type": "text",
                                "text": "Hey guys I am currently doing jest\/enzyme tests on frontend and I am getting errors trying to set it up properly. The first error I got is \"Cannot find module '..\/App' from 'App.test.js', so I wanna know, how do I import App.js into containers\/__ tests __\/App.test.js.\n\nThe second error I am getting is \"Element type is invalid: expected a string (for built-in components) or a class\/function (for composite components) but got: undefined. You likely forgot to export your component from the file it's defined in, or you might have mixed up default and named imports.\" I am not sure how js works but do I have to do any npm installs to get everything running properly?"
                            }
                        ]
                    }
                ]
            }
        ],
        "user": "U028MUSM01J",
        "ts": "1631712658.003500",
        "thread_ts": "1631712658.003500",
        "reply_count": 3,
        "reply_users_count": 3,
        "latest_reply": "1631762872.000100",
        "reply_users": [
            "U0295DJPBC0",
            "U028MUSM01J",
            "U02811FL3QF"
        ],
        "replies": [
            {
                "user": "U0295DJPBC0",
                "ts": "1631716780.000100"
            },
            {
                "user": "U028MUSM01J",
                "ts": "1631723576.001800"
            },
            {
                "user": "U02811FL3QF",
                "ts": "1631762872.000100"
            }
        ],
        "is_locked": false,
        "subscribed": false
    },
    {
        "client_msg_id": "31282457-e835-4860-aaba-b5e776f45fec",
        "type": "message",
        "text": "The first one might be your pathing, since you are in 2 folders before app.js.",
        "user": "U0295DJPBC0",
        "ts": "1631716780.000100",
        "team": "T0295DCGC1W",
        "user_team": "T0295DCGC1W",
        "source_team": "T0295DCGC1W",
        "user_profile": {
            "avatar_hash": "5bf4403d5e1b",
            "image_72": "https:\/\/avatars.slack-edge.com\/2021-07-19\/2293974360132_5bf4403d5e1bba006811_72.png",
            "first_name": "",
            "real_name": "Danny Pham",
            "display_name": "Danny Pham",
            "team": "T0295DCGC1W",
            "name": "s3719046",
            "is_restricted": false,
            "is_ultra_restricted": false
        },
        "edited": {
            "user": "U0295DJPBC0",
            "ts": "1631716845.000000"
        },
        "blocks": [
            {
                "type": "rich_text",
                "block_id": "VfNz",
                "elements": [
                    {
                        "type": "rich_text_section",
                        "elements": [
                            {
                                "type": "text",
                                "text": "The first one might be your pathing, since you are in 2 folders before app.js."
                            }
                        ]
                    }
                ]
            }
        ],
        "thread_ts": "1631712658.003500",
        "parent_user_id": "U028MUSM01J"
    },
    {
        "client_msg_id": "10F5E1D3-30E7-460F-AF7D-49DD42ECB319",
        "type": "message",
        "text": "Yeah so I thought that to import it i would have to use: import App fro '..\/App' not entirely sure but does the 2 dots mean to redirect back 2 folders?",
        "user": "U028MUSM01J",
        "ts": "1631723576.001800",
        "team": "T0295DCGC1W",
        "user_team": "T0295DCGC1W",
        "source_team": "T0295DCGC1W",
        "user_profile": {
            "avatar_hash": "g85a3f76175d",
            "image_72": "https:\/\/secure.gravatar.com\/avatar\/85a3f76175d92fefe6ad3e1db0e8de72.jpg?s=72&d=https%3A%2F%2Fa.slack-edge.com%2Fdf10d%2Fimg%2Favatars%2Fava_0010-72.png",
            "first_name": "",
            "real_name": "Clinton Thai",
            "display_name": "Clinton Thai",
            "team": "T0295DCGC1W",
            "name": "s3840992",
            "is_restricted": false,
            "is_ultra_restricted": false
        },
        "blocks": [
            {
                "type": "rich_text",
                "block_id": "mUL=w",
                "elements": [
                    {
                        "type": "rich_text_section",
                        "elements": [
                            {
                                "type": "text",
                                "text": "Yeah so I thought that to import it i would have to use: import App fro '..\/App' not entirely sure but does the 2 dots mean to redirect back 2 folders?"
                            }
                        ]
                    }
                ]
            }
        ],
        "thread_ts": "1631712658.003500",
        "parent_user_id": "U028MUSM01J"
    },
    {
        "client_msg_id": "01843da9-bd35-41e1-b261-45d978842848",
        "type": "message",
        "text": "2 dots is redirect back 1 folder. For 2 it's ..\/..\/",
        "user": "U02811FL3QF",
        "ts": "1631762872.000100",
        "team": "T0295DCGC1W",
        "user_team": "T0295DCGC1W",
        "source_team": "T0295DCGC1W",
        "user_profile": {
            "avatar_hash": "2084c3d9ca64",
            "image_72": "https:\/\/avatars.slack-edge.com\/2021-08-26\/2421685802051_2084c3d9ca649b7e9eb2_72.jpg",
            "first_name": "",
            "real_name": "Harris Charalambous",
            "display_name": "Harris Charalambous",
            "team": "T0295DCGC1W",
            "name": "s3742332",
            "is_restricted": false,
            "is_ultra_restricted": false
        },
        "blocks": [
            {
                "type": "rich_text",
                "block_id": "0Hc",
                "elements": [
                    {
                        "type": "rich_text_section",
                        "elements": [
                            {
                                "type": "text",
                                "text": "2 dots is redirect back 1 folder. For 2 it's ..\/..\/"
                            }
                        ]
                    }
                ]
            }
        ],
        "thread_ts": "1631712658.003500",
        "parent_user_id": "U028MUSM01J",
        "reactions": [
            {
                "name": "white_check_mark",
                "users": [
                    "U028MUSM01J"
                ],
                "count": 1
            }
        ]
    },
    {
        "type": "message",
        "text": "Hey guys, I think i solved the issues above as I am now getting a different one. When running an example test, I get the error: could not find react-redux context value; please ensure the component is wrapped in a &lt;Provider&gt;, would you guys happen to know how to fix this? I searched it and was told to create a wrapper component for App but I am not sure if doing so would somehow break the code or something? and if I were to create a wrapper, would I put it in App.js and then call it in App() function?",
        "files": [
            {
                "id": "F02ETPCMMEG",
                "created": 1631773670,
                "timestamp": 1631773670,
                "name": "image.png",
                "title": "image.png",
                "mimetype": "image\/png",
                "filetype": "png",
                "pretty_type": "PNG",
                "user": "U028MUSM01J",
                "editable": false,
                "size": 18199,
                "mode": "hosted",
                "is_external": false,
                "external_type": "",
                "is_public": true,
                "public_url_shared": false,
                "display_as_bot": false,
                "username": "",
                "url_private": "https:\/\/files.slack.com\/files-pri\/T0295DCGC1W-F02ETPCMMEG\/image.png?t=xoxe-2311454556064-2499511529910-2506255268787-4ae9ed41410513eafb10ab9c3d38a89d",
                "url_private_download": "https:\/\/files.slack.com\/files-pri\/T0295DCGC1W-F02ETPCMMEG\/download\/image.png?t=xoxe-2311454556064-2499511529910-2506255268787-4ae9ed41410513eafb10ab9c3d38a89d",
                "thumb_64": "https:\/\/files.slack.com\/files-tmb\/T0295DCGC1W-F02ETPCMMEG-ec0275c6b1\/image_64.png?t=xoxe-2311454556064-2499511529910-2506255268787-4ae9ed41410513eafb10ab9c3d38a89d",
                "thumb_80": "https:\/\/files.slack.com\/files-tmb\/T0295DCGC1W-F02ETPCMMEG-ec0275c6b1\/image_80.png?t=xoxe-2311454556064-2499511529910-2506255268787-4ae9ed41410513eafb10ab9c3d38a89d",
                "thumb_360": "https:\/\/files.slack.com\/files-tmb\/T0295DCGC1W-F02ETPCMMEG-ec0275c6b1\/image_360.png?t=xoxe-2311454556064-2499511529910-2506255268787-4ae9ed41410513eafb10ab9c3d38a89d",
                "thumb_360_w": 360,
                "thumb_360_h": 86,
                "thumb_480": "https:\/\/files.slack.com\/files-tmb\/T0295DCGC1W-F02ETPCMMEG-ec0275c6b1\/image_480.png?t=xoxe-2311454556064-2499511529910-2506255268787-4ae9ed41410513eafb10ab9c3d38a89d",
                "thumb_480_w": 480,
                "thumb_480_h": 114,
                "thumb_160": "https:\/\/files.slack.com\/files-tmb\/T0295DCGC1W-F02ETPCMMEG-ec0275c6b1\/image_160.png?t=xoxe-2311454556064-2499511529910-2506255268787-4ae9ed41410513eafb10ab9c3d38a89d",
                "thumb_720": "https:\/\/files.slack.com\/files-tmb\/T0295DCGC1W-F02ETPCMMEG-ec0275c6b1\/image_720.png?t=xoxe-2311454556064-2499511529910-2506255268787-4ae9ed41410513eafb10ab9c3d38a89d",
                "thumb_720_w": 720,
                "thumb_720_h": 171,
                "thumb_800": "https:\/\/files.slack.com\/files-tmb\/T0295DCGC1W-F02ETPCMMEG-ec0275c6b1\/image_800.png?t=xoxe-2311454556064-2499511529910-2506255268787-4ae9ed41410513eafb10ab9c3d38a89d",
                "thumb_800_w": 800,
                "thumb_800_h": 190,
                "original_w": 857,
                "original_h": 204,
                "thumb_tiny": "AwALADCoOaXA9RTQcGlJ5pgGBSfhRRQAfhRRRQB\/\/9k=",
                "permalink": "https:\/\/softwarecrewworkspace.slack.com\/files\/U028MUSM01J\/F02ETPCMMEG\/image.png",
                "permalink_public": "https:\/\/slack-files.com\/T0295DCGC1W-F02ETPCMMEG-82aa9ae33d",
                "is_starred": false,
                "has_rich_preview": false
            }
        ],
        "upload": false,
        "blocks": [
            {
                "type": "rich_text",
                "block_id": "72k",
                "elements": [
                    {
                        "type": "rich_text_section",
                        "elements": [
                            {
                                "type": "text",
                                "text": "Hey guys, I think i solved the issues above as I am now getting a different one. When running an example test, I get the error: could not find react-redux context value; please ensure the component is wrapped in a <Provider>, would you guys happen to know how to fix this? I searched it and was told to create a wrapper component for App but I am not sure if doing so would somehow break the code or something? and if I were to create a wrapper, would I put it in App.js and then call it in App() function?"
                            }
                        ]
                    }
                ]
            }
        ],
        "user": "U028MUSM01J",
        "display_as_bot": false,
        "ts": "1631773775.002600",
        "thread_ts": "1631773775.002600",
        "reply_count": 2,
        "reply_users_count": 2,
        "latest_reply": "1631773935.003200",
        "reply_users": [
            "U0295DJPBC0",
            "U028MUSM01J"
        ],
        "replies": [
            {
                "user": "U0295DJPBC0",
                "ts": "1631773829.003000"
            },
            {
                "user": "U028MUSM01J",
                "ts": "1631773935.003200"
            }
        ],
        "is_locked": false,
        "subscribed": false
    },
    {
        "client_msg_id": "5231b778-aea3-4af2-aabf-71d3a6e61907",
        "type": "message",
        "text": "I'm pretty sure app is wrapped in provider",
        "user": "U0295DJPBC0",
        "ts": "1631773829.003000",
        "team": "T0295DCGC1W",
        "user_team": "T0295DCGC1W",
        "source_team": "T0295DCGC1W",
        "user_profile": {
            "avatar_hash": "5bf4403d5e1b",
            "image_72": "https:\/\/avatars.slack-edge.com\/2021-07-19\/2293974360132_5bf4403d5e1bba006811_72.png",
            "first_name": "",
            "real_name": "Danny Pham",
            "display_name": "Danny Pham",
            "team": "T0295DCGC1W",
            "name": "s3719046",
            "is_restricted": false,
            "is_ultra_restricted": false
        },
        "blocks": [
            {
                "type": "rich_text",
                "block_id": "spFY",
                "elements": [
                    {
                        "type": "rich_text_section",
                        "elements": [
                            {
                                "type": "text",
                                "text": "I'm pretty sure app is wrapped in provider"
                            }
                        ]
                    }
                ]
            }
        ],
        "thread_ts": "1631773775.002600",
        "parent_user_id": "U028MUSM01J"
    },
    {
        "client_msg_id": "2053d9ef-c4a7-4f13-806d-2186b5a58643",
        "type": "message",
        "text": "Oh yea i see now that it is wrapped in provider in index.js, have no clue why I am getting this error :stuck_out_tongue:",
        "user": "U028MUSM01J",
        "ts": "1631773935.003200",
        "team": "T0295DCGC1W",
        "user_team": "T0295DCGC1W",
        "source_team": "T0295DCGC1W",
        "user_profile": {
            "avatar_hash": "g85a3f76175d",
            "image_72": "https:\/\/secure.gravatar.com\/avatar\/85a3f76175d92fefe6ad3e1db0e8de72.jpg?s=72&d=https%3A%2F%2Fa.slack-edge.com%2Fdf10d%2Fimg%2Favatars%2Fava_0010-72.png",
            "first_name": "",
            "real_name": "Clinton Thai",
            "display_name": "Clinton Thai",
            "team": "T0295DCGC1W",
            "name": "s3840992",
            "is_restricted": false,
            "is_ultra_restricted": false
        },
        "blocks": [
            {
                "type": "rich_text",
                "block_id": "tf27",
                "elements": [
                    {
                        "type": "rich_text_section",
                        "elements": [
                            {
                                "type": "text",
                                "text": "Oh yea i see now that it is wrapped in provider in index.js, have no clue why I am getting this error "
                            },
                            {
                                "type": "emoji",
                                "name": "stuck_out_tongue"
                            }
                        ]
                    }
                ]
            }
        ],
        "thread_ts": "1631773775.002600",
        "parent_user_id": "U028MUSM01J"
    }
]