[
    {
        "client_msg_id": "df69c45c-9c02-4d50-abda-37e81fe50394",
        "type": "message",
        "text": "seller selling page\nsearch and catalogue\nui bits done",
        "user": "U0295DJPBC0",
        "ts": "1631233105.001100",
        "team": "T0295DCGC1W",
        "user_team": "T0295DCGC1W",
        "source_team": "T0295DCGC1W",
        "user_profile": {
            "avatar_hash": "5bf4403d5e1b",
            "image_72": "https:\/\/avatars.slack-edge.com\/2021-07-19\/2293974360132_5bf4403d5e1bba006811_72.png",
            "first_name": "",
            "real_name": "Danny Pham",
            "display_name": "Danny Pham",
            "team": "T0295DCGC1W",
            "name": "s3719046",
            "is_restricted": false,
            "is_ultra_restricted": false
        },
        "blocks": [
            {
                "type": "rich_text",
                "block_id": "JeOu9",
                "elements": [
                    {
                        "type": "rich_text_section",
                        "elements": [
                            {
                                "type": "text",
                                "text": "seller selling page\nsearch and catalogue\nui bits done"
                            }
                        ]
                    }
                ]
            }
        ]
    }
]