[
    {
        "client_msg_id": "45e9fb90-428c-4f2e-9473-0f276cbe6659",
        "type": "message",
        "text": "Currently an issue with token session logging user out after code change. removed auto logout after session end for the mean time",
        "user": "U0295DJPBC0",
        "ts": "1631005439.001100",
        "team": "T0295DCGC1W",
        "user_team": "T0295DCGC1W",
        "source_team": "T0295DCGC1W",
        "user_profile": {
            "avatar_hash": "5bf4403d5e1b",
            "image_72": "https:\/\/avatars.slack-edge.com\/2021-07-19\/2293974360132_5bf4403d5e1bba006811_72.png",
            "first_name": "",
            "real_name": "Danny Pham",
            "display_name": "Danny Pham",
            "team": "T0295DCGC1W",
            "name": "s3719046",
            "is_restricted": false,
            "is_ultra_restricted": false
        },
        "blocks": [
            {
                "type": "rich_text",
                "block_id": "NVPl",
                "elements": [
                    {
                        "type": "rich_text_section",
                        "elements": [
                            {
                                "type": "text",
                                "text": "Currently an issue with token session logging user out after code change. removed auto logout after session end for the mean time"
                            }
                        ]
                    }
                ]
            }
        ]
    }
]