[
    {
        "client_msg_id": "8b53c423-2857-46b8-ab42-6e70371c447a",
        "type": "message",
        "text": "Yeah I'm happy to do whatever. I think I'm working on testing the next sprint but yeah if I get assigned front-end tasks or have free time to do some stuff for the front end i'll use it. and sorry I've been away kinda forgot about slack.",
        "user": "U028CN1Q5EZ",
        "ts": "1630841074.002200",
        "team": "T0295DCGC1W",
        "user_team": "T0295DCGC1W",
        "source_team": "T0295DCGC1W",
        "user_profile": {
            "avatar_hash": "g727bf946433",
            "image_72": "https:\/\/secure.gravatar.com\/avatar\/727bf946433da289e632c883b6285e8e.jpg?s=72&d=https%3A%2F%2Fa.slack-edge.com%2Fdf10d%2Fimg%2Favatars%2Fava_0007-72.png",
            "first_name": "",
            "real_name": "Mazda Shahzadi",
            "display_name": "Mazda Shahzadi",
            "team": "T0295DCGC1W",
            "name": "s3841929",
            "is_restricted": false,
            "is_ultra_restricted": false
        },
        "blocks": [
            {
                "type": "rich_text",
                "block_id": "j4V",
                "elements": [
                    {
                        "type": "rich_text_section",
                        "elements": [
                            {
                                "type": "text",
                                "text": "Yeah I'm happy to do whatever. I think I'm working on testing the next sprint but yeah if I get assigned front-end tasks or have free time to do some stuff for the front end i'll use it. and sorry I've been away kinda forgot about slack."
                            }
                        ]
                    }
                ]
            }
        ]
    }
]