[
    {
        "client_msg_id": "ab521361-6d50-4676-a787-aa0919383efc",
        "type": "message",
        "text": "<@U0295DJPBC0> is there anything further you need for PBI16 on the front end or is that all covered in the book service so far?",
        "user": "U028CMUCJ5B",
        "ts": "1631866158.000600",
        "team": "T0295DCGC1W",
        "user_team": "T0295DCGC1W",
        "source_team": "T0295DCGC1W",
        "user_profile": {
            "avatar_hash": "g8e0cff6399e",
            "image_72": "https:\/\/secure.gravatar.com\/avatar\/8e0cff6399ee308d16a678953552af5b.jpg?s=72&d=https%3A%2F%2Fa.slack-edge.com%2Fdf10d%2Fimg%2Favatars%2Fava_0013-72.png",
            "first_name": "Tessa",
            "real_name": "Tessa",
            "display_name": "Tessa",
            "team": "T0295DCGC1W",
            "name": "s3775931",
            "is_restricted": false,
            "is_ultra_restricted": false
        },
        "blocks": [
            {
                "type": "rich_text",
                "block_id": "NXAL",
                "elements": [
                    {
                        "type": "rich_text_section",
                        "elements": [
                            {
                                "type": "user",
                                "user_id": "U0295DJPBC0"
                            },
                            {
                                "type": "text",
                                "text": " is there anything further you need for PBI16 on the front end or is that all covered in the book service so far?"
                            }
                        ]
                    }
                ]
            }
        ],
        "thread_ts": "1631866158.000600",
        "reply_count": 6,
        "reply_users_count": 2,
        "latest_reply": "1631866814.002300",
        "reply_users": [
            "U0295DJPBC0",
            "U028CMUCJ5B"
        ],
        "replies": [
            {
                "user": "U0295DJPBC0",
                "ts": "1631866188.000700"
            },
            {
                "user": "U028CMUCJ5B",
                "ts": "1631866724.001300"
            },
            {
                "user": "U028CMUCJ5B",
                "ts": "1631866736.001500"
            },
            {
                "user": "U0295DJPBC0",
                "ts": "1631866782.001900"
            },
            {
                "user": "U0295DJPBC0",
                "ts": "1631866801.002100"
            },
            {
                "user": "U0295DJPBC0",
                "ts": "1631866814.002300"
            }
        ],
        "is_locked": false,
        "subscribed": true,
        "last_read": "1631866814.002300"
    },
    {
        "client_msg_id": "10bb2355-00f3-41e0-9e18-a5f68ad02f21",
        "type": "message",
        "text": "I'm out atm. what is the user story?",
        "user": "U0295DJPBC0",
        "ts": "1631866188.000700",
        "team": "T0295DCGC1W",
        "user_team": "T0295DCGC1W",
        "source_team": "T0295DCGC1W",
        "user_profile": {
            "avatar_hash": "5bf4403d5e1b",
            "image_72": "https:\/\/avatars.slack-edge.com\/2021-07-19\/2293974360132_5bf4403d5e1bba006811_72.png",
            "first_name": "",
            "real_name": "Danny Pham",
            "display_name": "Danny Pham",
            "team": "T0295DCGC1W",
            "name": "s3719046",
            "is_restricted": false,
            "is_ultra_restricted": false
        },
        "blocks": [
            {
                "type": "rich_text",
                "block_id": "DZhE",
                "elements": [
                    {
                        "type": "rich_text_section",
                        "elements": [
                            {
                                "type": "text",
                                "text": "I'm out atm. what is the user story?"
                            }
                        ]
                    }
                ]
            }
        ],
        "thread_ts": "1631866158.000600",
        "parent_user_id": "U028CMUCJ5B"
    },
    {
        "client_msg_id": "7e7d8773-1376-417d-97ff-b87b145cf32b",
        "type": "message",
        "text": "You've been killing it good job <@U028CMUCJ5B>",
        "user": "U02811FL3QF",
        "ts": "1631866292.001200",
        "team": "T0295DCGC1W",
        "user_team": "T0295DCGC1W",
        "source_team": "T0295DCGC1W",
        "user_profile": {
            "avatar_hash": "2084c3d9ca64",
            "image_72": "https:\/\/avatars.slack-edge.com\/2021-08-26\/2421685802051_2084c3d9ca649b7e9eb2_72.jpg",
            "first_name": "",
            "real_name": "Harris Charalambous",
            "display_name": "Harris Charalambous",
            "team": "T0295DCGC1W",
            "name": "s3742332",
            "is_restricted": false,
            "is_ultra_restricted": false
        },
        "blocks": [
            {
                "type": "rich_text",
                "block_id": "3ZAT+",
                "elements": [
                    {
                        "type": "rich_text_section",
                        "elements": [
                            {
                                "type": "text",
                                "text": "You've been killing it good job "
                            },
                            {
                                "type": "user",
                                "user_id": "U028CMUCJ5B"
                            }
                        ]
                    }
                ]
            }
        ],
        "thread_ts": "1631866292.001200",
        "reply_count": 1,
        "reply_users_count": 1,
        "latest_reply": "1631866767.001700",
        "reply_users": [
            "U028CMUCJ5B"
        ],
        "replies": [
            {
                "user": "U028CMUCJ5B",
                "ts": "1631866767.001700"
            }
        ],
        "is_locked": false,
        "subscribed": true,
        "last_read": "1631866767.001700"
    },
    {
        "client_msg_id": "60faac59-5a8e-4dc0-bccd-63f27169ddde",
        "type": "message",
        "text": "As a seller, I want to add a book to the system, so that I can sell it to customers",
        "user": "U028CMUCJ5B",
        "ts": "1631866724.001300",
        "team": "T0295DCGC1W",
        "user_team": "T0295DCGC1W",
        "source_team": "T0295DCGC1W",
        "user_profile": {
            "avatar_hash": "g8e0cff6399e",
            "image_72": "https:\/\/secure.gravatar.com\/avatar\/8e0cff6399ee308d16a678953552af5b.jpg?s=72&d=https%3A%2F%2Fa.slack-edge.com%2Fdf10d%2Fimg%2Favatars%2Fava_0013-72.png",
            "first_name": "Tessa",
            "real_name": "Tessa",
            "display_name": "Tessa",
            "team": "T0295DCGC1W",
            "name": "s3775931",
            "is_restricted": false,
            "is_ultra_restricted": false
        },
        "blocks": [
            {
                "type": "rich_text",
                "block_id": "aNUhd",
                "elements": [
                    {
                        "type": "rich_text_section",
                        "elements": [
                            {
                                "type": "text",
                                "text": "As a seller, I want to add a book to the system, so that I can sell it to customers"
                            }
                        ]
                    }
                ]
            }
        ],
        "thread_ts": "1631866158.000600",
        "parent_user_id": "U028CMUCJ5B"
    },
    {
        "client_msg_id": "cc8f42a3-e84a-4881-9323-8012d9efb6b7",
        "type": "message",
        "text": "but no rush on an answer, just updating jira!",
        "user": "U028CMUCJ5B",
        "ts": "1631866736.001500",
        "team": "T0295DCGC1W",
        "user_team": "T0295DCGC1W",
        "source_team": "T0295DCGC1W",
        "user_profile": {
            "avatar_hash": "g8e0cff6399e",
            "image_72": "https:\/\/secure.gravatar.com\/avatar\/8e0cff6399ee308d16a678953552af5b.jpg?s=72&d=https%3A%2F%2Fa.slack-edge.com%2Fdf10d%2Fimg%2Favatars%2Fava_0013-72.png",
            "first_name": "Tessa",
            "real_name": "Tessa",
            "display_name": "Tessa",
            "team": "T0295DCGC1W",
            "name": "s3775931",
            "is_restricted": false,
            "is_ultra_restricted": false
        },
        "blocks": [
            {
                "type": "rich_text",
                "block_id": "A8Xjk",
                "elements": [
                    {
                        "type": "rich_text_section",
                        "elements": [
                            {
                                "type": "text",
                                "text": "but no rush on an answer, just updating jira!"
                            }
                        ]
                    }
                ]
            }
        ],
        "thread_ts": "1631866158.000600",
        "parent_user_id": "U028CMUCJ5B"
    },
    {
        "client_msg_id": "457384cd-e7d0-4f49-96ff-f2eb34a2589e",
        "type": "message",
        "text": "thanks harris!! you too :facepunch:",
        "user": "U028CMUCJ5B",
        "ts": "1631866767.001700",
        "team": "T0295DCGC1W",
        "user_team": "T0295DCGC1W",
        "source_team": "T0295DCGC1W",
        "user_profile": {
            "avatar_hash": "g8e0cff6399e",
            "image_72": "https:\/\/secure.gravatar.com\/avatar\/8e0cff6399ee308d16a678953552af5b.jpg?s=72&d=https%3A%2F%2Fa.slack-edge.com%2Fdf10d%2Fimg%2Favatars%2Fava_0013-72.png",
            "first_name": "Tessa",
            "real_name": "Tessa",
            "display_name": "Tessa",
            "team": "T0295DCGC1W",
            "name": "s3775931",
            "is_restricted": false,
            "is_ultra_restricted": false
        },
        "blocks": [
            {
                "type": "rich_text",
                "block_id": "KRv",
                "elements": [
                    {
                        "type": "rich_text_section",
                        "elements": [
                            {
                                "type": "text",
                                "text": "thanks harris!! you too "
                            },
                            {
                                "type": "emoji",
                                "name": "facepunch"
                            }
                        ]
                    }
                ]
            }
        ],
        "thread_ts": "1631866292.001200",
        "parent_user_id": "U02811FL3QF"
    },
    {
        "client_msg_id": "fad7e881-a0eb-402d-8375-bea6f927ebd8",
        "type": "message",
        "text": "um we I believe I got all the fields for adding a book in front end",
        "user": "U0295DJPBC0",
        "ts": "1631866782.001900",
        "team": "T0295DCGC1W",
        "user_team": "T0295DCGC1W",
        "source_team": "T0295DCGC1W",
        "user_profile": {
            "avatar_hash": "5bf4403d5e1b",
            "image_72": "https:\/\/avatars.slack-edge.com\/2021-07-19\/2293974360132_5bf4403d5e1bba006811_72.png",
            "first_name": "",
            "real_name": "Danny Pham",
            "display_name": "Danny Pham",
            "team": "T0295DCGC1W",
            "name": "s3719046",
            "is_restricted": false,
            "is_ultra_restricted": false
        },
        "blocks": [
            {
                "type": "rich_text",
                "block_id": "5VO",
                "elements": [
                    {
                        "type": "rich_text_section",
                        "elements": [
                            {
                                "type": "text",
                                "text": "um we I believe I got all the fields for adding a book in front end"
                            }
                        ]
                    }
                ]
            }
        ],
        "thread_ts": "1631866158.000600",
        "parent_user_id": "U028CMUCJ5B"
    },
    {
        "client_msg_id": "916d8fdc-cd4c-4f87-aa09-1555296556b2",
        "type": "message",
        "text": "waiting on backend for pdfs and cover image idk if Harris did it tho",
        "user": "U0295DJPBC0",
        "ts": "1631866801.002100",
        "team": "T0295DCGC1W",
        "user_team": "T0295DCGC1W",
        "source_team": "T0295DCGC1W",
        "user_profile": {
            "avatar_hash": "5bf4403d5e1b",
            "image_72": "https:\/\/avatars.slack-edge.com\/2021-07-19\/2293974360132_5bf4403d5e1bba006811_72.png",
            "first_name": "",
            "real_name": "Danny Pham",
            "display_name": "Danny Pham",
            "team": "T0295DCGC1W",
            "name": "s3719046",
            "is_restricted": false,
            "is_ultra_restricted": false
        },
        "blocks": [
            {
                "type": "rich_text",
                "block_id": "Z3NVz",
                "elements": [
                    {
                        "type": "rich_text_section",
                        "elements": [
                            {
                                "type": "text",
                                "text": "waiting on backend for pdfs and cover image idk if Harris did it tho"
                            }
                        ]
                    }
                ]
            }
        ],
        "thread_ts": "1631866158.000600",
        "parent_user_id": "U028CMUCJ5B"
    },
    {
        "client_msg_id": "13a78b74-4e5e-4f4e-bd3d-ed1ee3f898ec",
        "type": "message",
        "text": "for now I believe we are using urls",
        "user": "U0295DJPBC0",
        "ts": "1631866814.002300",
        "team": "T0295DCGC1W",
        "user_team": "T0295DCGC1W",
        "source_team": "T0295DCGC1W",
        "user_profile": {
            "avatar_hash": "5bf4403d5e1b",
            "image_72": "https:\/\/avatars.slack-edge.com\/2021-07-19\/2293974360132_5bf4403d5e1bba006811_72.png",
            "first_name": "",
            "real_name": "Danny Pham",
            "display_name": "Danny Pham",
            "team": "T0295DCGC1W",
            "name": "s3719046",
            "is_restricted": false,
            "is_ultra_restricted": false
        },
        "blocks": [
            {
                "type": "rich_text",
                "block_id": "Sznl",
                "elements": [
                    {
                        "type": "rich_text_section",
                        "elements": [
                            {
                                "type": "text",
                                "text": "for now I believe we are using urls"
                            }
                        ]
                    }
                ]
            }
        ],
        "thread_ts": "1631866158.000600",
        "parent_user_id": "U028CMUCJ5B"
    },
    {
        "client_msg_id": "3b1b0b3f-9015-44e7-b133-619aff9481e1",
        "type": "message",
        "text": "<@U028MUSM01J> what tessa wrote but change username to the email",
        "user": "U0295DJPBC0",
        "ts": "1631898939.000100",
        "team": "T0295DCGC1W",
        "user_team": "T0295DCGC1W",
        "source_team": "T0295DCGC1W",
        "user_profile": {
            "avatar_hash": "5bf4403d5e1b",
            "image_72": "https:\/\/avatars.slack-edge.com\/2021-07-19\/2293974360132_5bf4403d5e1bba006811_72.png",
            "first_name": "",
            "real_name": "Danny Pham",
            "display_name": "Danny Pham",
            "team": "T0295DCGC1W",
            "name": "s3719046",
            "is_restricted": false,
            "is_ultra_restricted": false
        },
        "blocks": [
            {
                "type": "rich_text",
                "block_id": "=BOHN",
                "elements": [
                    {
                        "type": "rich_text_section",
                        "elements": [
                            {
                                "type": "user",
                                "user_id": "U028MUSM01J"
                            },
                            {
                                "type": "text",
                                "text": " what tessa wrote but change username to the email"
                            }
                        ]
                    }
                ]
            }
        ],
        "thread_ts": "1631805381.000500",
        "parent_user_id": "U0295DJPBC0"
    },
    {
        "client_msg_id": "78c788cf-353d-468d-978d-e4cefda17fee",
        "type": "message",
        "text": "<@U0295DJPBC0> on my branch tessa\/bookTransactionFixes i have done the following:\n• orderId on transaction. not sure if you need it but created endpoint ‘\/getByOrderId\/{orderId}’\n• updated company to seller. added boolean for used. created endpoint ‘\/getBooksByCondition\/{used}’\ncant merge yet due to tests failing",
        "user": "U028CMUCJ5B",
        "ts": "1631921692.001800",
        "team": "T0295DCGC1W",
        "user_team": "T0295DCGC1W",
        "source_team": "T0295DCGC1W",
        "user_profile": {
            "avatar_hash": "g8e0cff6399e",
            "image_72": "https:\/\/secure.gravatar.com\/avatar\/8e0cff6399ee308d16a678953552af5b.jpg?s=72&d=https%3A%2F%2Fa.slack-edge.com%2Fdf10d%2Fimg%2Favatars%2Fava_0013-72.png",
            "first_name": "Tessa",
            "real_name": "Tessa",
            "display_name": "Tessa",
            "team": "T0295DCGC1W",
            "name": "s3775931",
            "is_restricted": false,
            "is_ultra_restricted": false
        },
        "blocks": [
            {
                "type": "rich_text",
                "block_id": "FW9r",
                "elements": [
                    {
                        "type": "rich_text_section",
                        "elements": [
                            {
                                "type": "user",
                                "user_id": "U0295DJPBC0"
                            },
                            {
                                "type": "text",
                                "text": " on my branch tessa\/bookTransactionFixes i have done the following:\n"
                            }
                        ]
                    },
                    {
                        "type": "rich_text_list",
                        "elements": [
                            {
                                "type": "rich_text_section",
                                "elements": [
                                    {
                                        "type": "text",
                                        "text": "orderId on transaction. not sure if you need it but created endpoint ‘\/getByOrderId\/{orderId}’"
                                    }
                                ]
                            },
                            {
                                "type": "rich_text_section",
                                "elements": [
                                    {
                                        "type": "text",
                                        "text": "updated company to seller. added boolean for used. created endpoint ‘\/getBooksByCondition\/{used}’"
                                    }
                                ]
                            }
                        ],
                        "style": "bullet",
                        "indent": 0,
                        "border": 0
                    },
                    {
                        "type": "rich_text_section",
                        "elements": [
                            {
                                "type": "text",
                                "text": "cant merge yet due to tests failing"
                            }
                        ]
                    }
                ]
            }
        ]
    },
    {
        "client_msg_id": "802d6455-61b3-4237-aaa4-7bee857cde7a",
        "type": "message",
        "text": "I dont think we will need the get order by id. unless like an admin needs to view it",
        "user": "U0295DJPBC0",
        "ts": "1631924730.003400",
        "team": "T0295DCGC1W",
        "user_team": "T0295DCGC1W",
        "source_team": "T0295DCGC1W",
        "user_profile": {
            "avatar_hash": "5bf4403d5e1b",
            "image_72": "https:\/\/avatars.slack-edge.com\/2021-07-19\/2293974360132_5bf4403d5e1bba006811_72.png",
            "first_name": "",
            "real_name": "Danny Pham",
            "display_name": "Danny Pham",
            "team": "T0295DCGC1W",
            "name": "s3719046",
            "is_restricted": false,
            "is_ultra_restricted": false
        },
        "blocks": [
            {
                "type": "rich_text",
                "block_id": "A0M9v",
                "elements": [
                    {
                        "type": "rich_text_section",
                        "elements": [
                            {
                                "type": "text",
                                "text": "I dont think we will need the get order by id. unless like an admin needs to view it"
                            }
                        ]
                    }
                ]
            }
        ]
    },
    {
        "client_msg_id": "6b861dc9-2ae0-4476-a26c-6dbae54515ed",
        "type": "message",
        "text": "as long as the transactions has all the book data in the books array we should be good",
        "user": "U0295DJPBC0",
        "ts": "1631924777.004500",
        "team": "T0295DCGC1W",
        "user_team": "T0295DCGC1W",
        "source_team": "T0295DCGC1W",
        "user_profile": {
            "avatar_hash": "5bf4403d5e1b",
            "image_72": "https:\/\/avatars.slack-edge.com\/2021-07-19\/2293974360132_5bf4403d5e1bba006811_72.png",
            "first_name": "",
            "real_name": "Danny Pham",
            "display_name": "Danny Pham",
            "team": "T0295DCGC1W",
            "name": "s3719046",
            "is_restricted": false,
            "is_ultra_restricted": false
        },
        "blocks": [
            {
                "type": "rich_text",
                "block_id": "iX9",
                "elements": [
                    {
                        "type": "rich_text_section",
                        "elements": [
                            {
                                "type": "text",
                                "text": "as long as the transactions has all the book data in the books array we should be good"
                            }
                        ]
                    }
                ]
            }
        ]
    },
    {
        "client_msg_id": "d1fea88c-536c-4b3d-b152-8f3ead5d7234",
        "type": "message",
        "text": "wait why can't you merge it in?",
        "user": "U0295DJPBC0",
        "ts": "1631924957.005200",
        "team": "T0295DCGC1W",
        "user_team": "T0295DCGC1W",
        "source_team": "T0295DCGC1W",
        "user_profile": {
            "avatar_hash": "5bf4403d5e1b",
            "image_72": "https:\/\/avatars.slack-edge.com\/2021-07-19\/2293974360132_5bf4403d5e1bba006811_72.png",
            "first_name": "",
            "real_name": "Danny Pham",
            "display_name": "Danny Pham",
            "team": "T0295DCGC1W",
            "name": "s3719046",
            "is_restricted": false,
            "is_ultra_restricted": false
        },
        "blocks": [
            {
                "type": "rich_text",
                "block_id": "vIHp",
                "elements": [
                    {
                        "type": "rich_text_section",
                        "elements": [
                            {
                                "type": "text",
                                "text": "wait why can't you merge it in?"
                            }
                        ]
                    }
                ]
            }
        ]
    },
    {
        "client_msg_id": "cfa7a5c1-1afd-4b08-bb79-93a87824e63e",
        "type": "message",
        "text": "is circleci blocking?",
        "user": "U0295DJPBC0",
        "ts": "1631924964.005500",
        "team": "T0295DCGC1W",
        "user_team": "T0295DCGC1W",
        "source_team": "T0295DCGC1W",
        "user_profile": {
            "avatar_hash": "5bf4403d5e1b",
            "image_72": "https:\/\/avatars.slack-edge.com\/2021-07-19\/2293974360132_5bf4403d5e1bba006811_72.png",
            "first_name": "",
            "real_name": "Danny Pham",
            "display_name": "Danny Pham",
            "team": "T0295DCGC1W",
            "name": "s3719046",
            "is_restricted": false,
            "is_ultra_restricted": false
        },
        "blocks": [
            {
                "type": "rich_text",
                "block_id": "MnsM",
                "elements": [
                    {
                        "type": "rich_text_section",
                        "elements": [
                            {
                                "type": "text",
                                "text": "is circleci blocking?"
                            }
                        ]
                    }
                ]
            }
        ]
    },
    {
        "client_msg_id": "347bccc1-7e83-45eb-9340-168346f6cbcb",
        "type": "message",
        "text": "circleci tests are failing and blocking yeah",
        "user": "U028CMUCJ5B",
        "ts": "1631924973.005800",
        "team": "T0295DCGC1W",
        "user_team": "T0295DCGC1W",
        "source_team": "T0295DCGC1W",
        "user_profile": {
            "avatar_hash": "g8e0cff6399e",
            "image_72": "https:\/\/secure.gravatar.com\/avatar\/8e0cff6399ee308d16a678953552af5b.jpg?s=72&d=https%3A%2F%2Fa.slack-edge.com%2Fdf10d%2Fimg%2Favatars%2Fava_0013-72.png",
            "first_name": "Tessa",
            "real_name": "Tessa",
            "display_name": "Tessa",
            "team": "T0295DCGC1W",
            "name": "s3775931",
            "is_restricted": false,
            "is_ultra_restricted": false
        },
        "blocks": [
            {
                "type": "rich_text",
                "block_id": "SEFit",
                "elements": [
                    {
                        "type": "rich_text_section",
                        "elements": [
                            {
                                "type": "text",
                                "text": "circleci tests are failing and blocking yeah"
                            }
                        ]
                    }
                ]
            }
        ]
    },
    {
        "client_msg_id": "d7d6aa93-1075-45cf-b140-73ac791bf254",
        "type": "message",
        "text": "you can skip it",
        "user": "U0295DJPBC0",
        "ts": "1631924981.006000",
        "team": "T0295DCGC1W",
        "user_team": "T0295DCGC1W",
        "source_team": "T0295DCGC1W",
        "user_profile": {
            "avatar_hash": "5bf4403d5e1b",
            "image_72": "https:\/\/avatars.slack-edge.com\/2021-07-19\/2293974360132_5bf4403d5e1bba006811_72.png",
            "first_name": "",
            "real_name": "Danny Pham",
            "display_name": "Danny Pham",
            "team": "T0295DCGC1W",
            "name": "s3719046",
            "is_restricted": false,
            "is_ultra_restricted": false
        },
        "blocks": [
            {
                "type": "rich_text",
                "block_id": "xSL",
                "elements": [
                    {
                        "type": "rich_text_section",
                        "elements": [
                            {
                                "type": "text",
                                "text": "you can skip it"
                            }
                        ]
                    }
                ]
            }
        ]
    },
    {
        "client_msg_id": "8a4e4215-f103-43d4-9eab-3f89cdfd2ddb",
        "type": "message",
        "text": "and force your pull request",
        "user": "U0295DJPBC0",
        "ts": "1631925000.006600",
        "team": "T0295DCGC1W",
        "user_team": "T0295DCGC1W",
        "source_team": "T0295DCGC1W",
        "user_profile": {
            "avatar_hash": "5bf4403d5e1b",
            "image_72": "https:\/\/avatars.slack-edge.com\/2021-07-19\/2293974360132_5bf4403d5e1bba006811_72.png",
            "first_name": "",
            "real_name": "Danny Pham",
            "display_name": "Danny Pham",
            "team": "T0295DCGC1W",
            "name": "s3719046",
            "is_restricted": false,
            "is_ultra_restricted": false
        },
        "blocks": [
            {
                "type": "rich_text",
                "block_id": "thfUP",
                "elements": [
                    {
                        "type": "rich_text_section",
                        "elements": [
                            {
                                "type": "text",
                                "text": "and force your pull request"
                            }
                        ]
                    }
                ]
            }
        ],
        "reactions": [
            {
                "name": "white_check_mark",
                "users": [
                    "U028CMUCJ5B"
                ],
                "count": 1
            }
        ]
    }
]