[
    {
        "client_msg_id": "d900b423-4004-4f33-a77b-55388e253f68",
        "type": "message",
        "text": "We also need to factor in that people will be using shopping carts. which can have multiple books",
        "user": "U0295DJPBC0",
        "ts": "1631517760.000200",
        "team": "T0295DCGC1W",
        "user_team": "T0295DCGC1W",
        "source_team": "T0295DCGC1W",
        "user_profile": {
            "avatar_hash": "5bf4403d5e1b",
            "image_72": "https:\/\/avatars.slack-edge.com\/2021-07-19\/2293974360132_5bf4403d5e1bba006811_72.png",
            "first_name": "",
            "real_name": "Danny Pham",
            "display_name": "Danny Pham",
            "team": "T0295DCGC1W",
            "name": "s3719046",
            "is_restricted": false,
            "is_ultra_restricted": false
        },
        "blocks": [
            {
                "type": "rich_text",
                "block_id": "kOo",
                "elements": [
                    {
                        "type": "rich_text_section",
                        "elements": [
                            {
                                "type": "text",
                                "text": "We also need to factor in that people will be using shopping carts. which can have multiple books"
                            }
                        ]
                    }
                ]
            }
        ],
        "thread_ts": "1631457756.000900",
        "parent_user_id": "U0295DJPBC0"
    },
    {
        "client_msg_id": "a06361ed-cfa0-4022-988f-3b166b57acc9",
        "type": "message",
        "text": "<@U0295DJPBC0> updated the transaction endpoints. we now have:\n\n```\/getAllUserSellerTransactions\/{name} : this shows all transactions regardless of whether you were a buyer or seller\n\/getBooksSold\/{sellerUserName} : only books you sold\n\/getBooksBought\/{buyerUserName} : only books you bought```\ntested on postman .. only thing is i haven’t figured out how to parse a two word string as user or seller within the url but looking into that",
        "user": "U028CMUCJ5B",
        "ts": "1631517927.002300",
        "team": "T0295DCGC1W",
        "user_team": "T0295DCGC1W",
        "source_team": "T0295DCGC1W",
        "user_profile": {
            "avatar_hash": "g8e0cff6399e",
            "image_72": "https:\/\/secure.gravatar.com\/avatar\/8e0cff6399ee308d16a678953552af5b.jpg?s=72&d=https%3A%2F%2Fa.slack-edge.com%2Fdf10d%2Fimg%2Favatars%2Fava_0013-72.png",
            "first_name": "Tessa",
            "real_name": "Tessa",
            "display_name": "Tessa",
            "team": "T0295DCGC1W",
            "name": "s3775931",
            "is_restricted": false,
            "is_ultra_restricted": false
        },
        "blocks": [
            {
                "type": "rich_text",
                "block_id": "dVa",
                "elements": [
                    {
                        "type": "rich_text_section",
                        "elements": [
                            {
                                "type": "user",
                                "user_id": "U0295DJPBC0"
                            },
                            {
                                "type": "text",
                                "text": " updated the transaction endpoints. we now have:\n\n"
                            }
                        ]
                    },
                    {
                        "type": "rich_text_preformatted",
                        "elements": [
                            {
                                "type": "text",
                                "text": "\/getAllUserSellerTransactions\/{name} : this shows all transactions regardless of whether you were a buyer or seller\n\/getBooksSold\/{sellerUserName} : only books you sold\n\/getBooksBought\/{buyerUserName} : only books you bought"
                            }
                        ]
                    },
                    {
                        "type": "rich_text_section",
                        "elements": [
                            {
                                "type": "text",
                                "text": "tested on postman .. only thing is i haven’t figured out how to parse a two word string as user or seller within the url but looking into that"
                            }
                        ]
                    }
                ]
            }
        ]
    },
    {
        "client_msg_id": "3c20e8d1-d66a-43d5-b9ea-6429fa1d03ac",
        "type": "message",
        "text": "{\n        “userName”: “tessa”,\n        “sellerName”: “random”,\n        “bookTitle”: “Tessa Podbury”,\n        “author”: “Tessa Podbury”,\n        “transactionCost”: 123.45,\n        “bookType”: “New”,\n        “bookSold”: *false*,\n        “bookBought”: *true*\n    }",
        "user": "U028CMUCJ5B",
        "ts": "1631518008.002500",
        "team": "T0295DCGC1W",
        "user_team": "T0295DCGC1W",
        "source_team": "T0295DCGC1W",
        "user_profile": {
            "avatar_hash": "g8e0cff6399e",
            "image_72": "https:\/\/secure.gravatar.com\/avatar\/8e0cff6399ee308d16a678953552af5b.jpg?s=72&d=https%3A%2F%2Fa.slack-edge.com%2Fdf10d%2Fimg%2Favatars%2Fava_0013-72.png",
            "first_name": "Tessa",
            "real_name": "Tessa",
            "display_name": "Tessa",
            "team": "T0295DCGC1W",
            "name": "s3775931",
            "is_restricted": false,
            "is_ultra_restricted": false
        },
        "blocks": [
            {
                "type": "rich_text",
                "block_id": "oyHWW",
                "elements": [
                    {
                        "type": "rich_text_section",
                        "elements": [
                            {
                                "type": "text",
                                "text": "{\n        “userName”: “tessa”,\n        “sellerName”: “random”,\n        “bookTitle”: “Tessa Podbury”,\n        “author”: “Tessa Podbury”,\n        “transactionCost”: 123.45,\n        “bookType”: “New”,\n        “bookSold”: "
                            },
                            {
                                "type": "text",
                                "text": "false",
                                "style": {
                                    "bold": true
                                }
                            },
                            {
                                "type": "text",
                                "text": ",\n        “bookBought”: "
                            },
                            {
                                "type": "text",
                                "text": "true",
                                "style": {
                                    "bold": true
                                }
                            },
                            {
                                "type": "text",
                                "text": "\n    }"
                            }
                        ]
                    }
                ]
            }
        ]
    },
    {
        "client_msg_id": "412e1eaa-069d-4854-af32-869d3e4279b4",
        "type": "message",
        "text": "added some temp booleans bookSold bookBought. not sure if we’ll keep them but thought it might help if we need to increment\/decrement stock levels at some point",
        "user": "U028CMUCJ5B",
        "ts": "1631518036.003200",
        "team": "T0295DCGC1W",
        "user_team": "T0295DCGC1W",
        "source_team": "T0295DCGC1W",
        "user_profile": {
            "avatar_hash": "g8e0cff6399e",
            "image_72": "https:\/\/secure.gravatar.com\/avatar\/8e0cff6399ee308d16a678953552af5b.jpg?s=72&d=https%3A%2F%2Fa.slack-edge.com%2Fdf10d%2Fimg%2Favatars%2Fava_0013-72.png",
            "first_name": "Tessa",
            "real_name": "Tessa",
            "display_name": "Tessa",
            "team": "T0295DCGC1W",
            "name": "s3775931",
            "is_restricted": false,
            "is_ultra_restricted": false
        },
        "blocks": [
            {
                "type": "rich_text",
                "block_id": "0ZC",
                "elements": [
                    {
                        "type": "rich_text_section",
                        "elements": [
                            {
                                "type": "text",
                                "text": "added some temp booleans bookSold bookBought. not sure if we’ll keep them but thought it might help if we need to increment\/decrement stock levels at some point"
                            }
                        ]
                    }
                ]
            }
        ]
    },
    {
        "client_msg_id": "f8134f86-7574-42ef-8a65-226dd6b4f800",
        "type": "message",
        "text": "<@U028CMUCJ5B> ^",
        "user": "U0295DJPBC0",
        "ts": "1631518055.003300",
        "team": "T0295DCGC1W",
        "user_team": "T0295DCGC1W",
        "source_team": "T0295DCGC1W",
        "user_profile": {
            "avatar_hash": "5bf4403d5e1b",
            "image_72": "https:\/\/avatars.slack-edge.com\/2021-07-19\/2293974360132_5bf4403d5e1bba006811_72.png",
            "first_name": "",
            "real_name": "Danny Pham",
            "display_name": "Danny Pham",
            "team": "T0295DCGC1W",
            "name": "s3719046",
            "is_restricted": false,
            "is_ultra_restricted": false
        },
        "blocks": [
            {
                "type": "rich_text",
                "block_id": "8Nb",
                "elements": [
                    {
                        "type": "rich_text_section",
                        "elements": [
                            {
                                "type": "user",
                                "user_id": "U028CMUCJ5B"
                            },
                            {
                                "type": "text",
                                "text": " ^"
                            }
                        ]
                    }
                ]
            }
        ],
        "thread_ts": "1631457756.000900",
        "parent_user_id": "U0295DJPBC0"
    },
    {
        "client_msg_id": "7e0c4188-98df-462e-8b96-7044bba260b6",
        "type": "message",
        "text": "that should be okay, i’ll play around with having the books as a list. only issue is we have book title and author separate so we wouldnt be able to make a list out of those so we might need to change the book microservice to combine those potentially",
        "user": "U028CMUCJ5B",
        "ts": "1631518183.003500",
        "team": "T0295DCGC1W",
        "user_team": "T0295DCGC1W",
        "source_team": "T0295DCGC1W",
        "user_profile": {
            "avatar_hash": "g8e0cff6399e",
            "image_72": "https:\/\/secure.gravatar.com\/avatar\/8e0cff6399ee308d16a678953552af5b.jpg?s=72&d=https%3A%2F%2Fa.slack-edge.com%2Fdf10d%2Fimg%2Favatars%2Fava_0013-72.png",
            "first_name": "Tessa",
            "real_name": "Tessa",
            "display_name": "Tessa",
            "team": "T0295DCGC1W",
            "name": "s3775931",
            "is_restricted": false,
            "is_ultra_restricted": false
        },
        "blocks": [
            {
                "type": "rich_text",
                "block_id": "p=IjW",
                "elements": [
                    {
                        "type": "rich_text_section",
                        "elements": [
                            {
                                "type": "text",
                                "text": "that should be okay, i’ll play around with having the books as a list. only issue is we have book title and author separate so we wouldnt be able to make a list out of those so we might need to change the book microservice to combine those potentially"
                            }
                        ]
                    }
                ]
            }
        ],
        "thread_ts": "1631457756.000900",
        "parent_user_id": "U0295DJPBC0"
    },
    {
        "client_msg_id": "4b785a54-ccb9-48b4-b2a9-5a8e944a8757",
        "type": "message",
        "text": "ye, just let me know when you work it out so i can change in frontend respectively",
        "user": "U0295DJPBC0",
        "ts": "1631518273.003700",
        "team": "T0295DCGC1W",
        "user_team": "T0295DCGC1W",
        "source_team": "T0295DCGC1W",
        "user_profile": {
            "avatar_hash": "5bf4403d5e1b",
            "image_72": "https:\/\/avatars.slack-edge.com\/2021-07-19\/2293974360132_5bf4403d5e1bba006811_72.png",
            "first_name": "",
            "real_name": "Danny Pham",
            "display_name": "Danny Pham",
            "team": "T0295DCGC1W",
            "name": "s3719046",
            "is_restricted": false,
            "is_ultra_restricted": false
        },
        "blocks": [
            {
                "type": "rich_text",
                "block_id": "\/QnFL",
                "elements": [
                    {
                        "type": "rich_text_section",
                        "elements": [
                            {
                                "type": "text",
                                "text": "ye, just let me know when you work it out so i can change in frontend respectively"
                            }
                        ]
                    }
                ]
            }
        ],
        "thread_ts": "1631457756.000900",
        "parent_user_id": "U0295DJPBC0"
    }
]