[
    {
        "client_msg_id": "b529b025-009a-4c51-8d1c-fcee6eecddaf",
        "type": "message",
        "text": "<@U028CN1Q5EZ> I think it's better if we swap our component library to <https:\/\/ant.design\/components\/overview\/>. I am more comfortable with this library set than material ui. I don't believe it will be that hard to switch as its mostly all the same. What do you think?",
        "user": "U0295DJPBC0",
        "ts": "1630746032.001700",
        "team": "T0295DCGC1W",
        "user_team": "T0295DCGC1W",
        "source_team": "T0295DCGC1W",
        "user_profile": {
            "avatar_hash": "5bf4403d5e1b",
            "image_72": "https:\/\/avatars.slack-edge.com\/2021-07-19\/2293974360132_5bf4403d5e1bba006811_72.png",
            "first_name": "",
            "real_name": "Danny Pham",
            "display_name": "Danny Pham",
            "team": "T0295DCGC1W",
            "name": "s3719046",
            "is_restricted": false,
            "is_ultra_restricted": false
        },
        "attachments": [
            {
                "title": "Components Overview - Ant Design",
                "title_link": "https:\/\/ant.design\/components\/overview\/",
                "text": "antd provides plenty of UI components to enrich your web applications, and we will improve components experience consistently. We also recommend some great Third-Party Libraries additionally.",
                "fallback": "Components Overview - Ant Design",
                "from_url": "https:\/\/ant.design\/components\/overview\/",
                "thumb_url": "https:\/\/gw.alipayobjects.com\/zos\/rmsportal\/rlpTLlbMzTNYuZGGCVYM.png",
                "thumb_width": 200,
                "thumb_height": 200,
                "service_icon": "https:\/\/gw.alipayobjects.com\/zos\/rmsportal\/rlpTLlbMzTNYuZGGCVYM.png",
                "service_name": "ant.design",
                "id": 1,
                "original_url": "https:\/\/ant.design\/components\/overview\/"
            }
        ],
        "blocks": [
            {
                "type": "rich_text",
                "block_id": "WGksN",
                "elements": [
                    {
                        "type": "rich_text_section",
                        "elements": [
                            {
                                "type": "user",
                                "user_id": "U028CN1Q5EZ"
                            },
                            {
                                "type": "text",
                                "text": " I think it's better if we swap our component library to "
                            },
                            {
                                "type": "link",
                                "url": "https:\/\/ant.design\/components\/overview\/"
                            },
                            {
                                "type": "text",
                                "text": ". I am more comfortable with this library set than material ui. I don't believe it will be that hard to switch as its mostly all the same. What do you think?"
                            }
                        ]
                    }
                ]
            }
        ]
    }
]