[
    {
        "client_msg_id": "6d54ec50-459e-49d7-8843-a398648e392d",
        "type": "message",
        "text": "<@U0295DJPBC0> added 2 new transaction end points\n“\/getAllUserTransactions” - filters transactions by username",
        "user": "U028CMUCJ5B",
        "ts": "1631440139.000800",
        "team": "T0295DCGC1W",
        "user_team": "T0295DCGC1W",
        "source_team": "T0295DCGC1W",
        "user_profile": {
            "avatar_hash": "g8e0cff6399e",
            "image_72": "https:\/\/secure.gravatar.com\/avatar\/8e0cff6399ee308d16a678953552af5b.jpg?s=72&d=https%3A%2F%2Fa.slack-edge.com%2Fdf10d%2Fimg%2Favatars%2Fava_0013-72.png",
            "first_name": "Tessa",
            "real_name": "Tessa",
            "display_name": "Tessa",
            "team": "T0295DCGC1W",
            "name": "s3775931",
            "is_restricted": false,
            "is_ultra_restricted": false
        },
        "blocks": [
            {
                "type": "rich_text",
                "block_id": "pzB+",
                "elements": [
                    {
                        "type": "rich_text_section",
                        "elements": [
                            {
                                "type": "user",
                                "user_id": "U0295DJPBC0"
                            },
                            {
                                "type": "text",
                                "text": " added 2 new transaction end points\n“\/getAllUserTransactions” - filters transactions by username"
                            }
                        ]
                    }
                ]
            }
        ]
    },
    {
        "client_msg_id": "f28826cd-7902-4fa9-881f-8cc33bad5e4a",
        "type": "message",
        "text": "“\/getBookTransaction” - filters by title\/author",
        "user": "U028CMUCJ5B",
        "ts": "1631440157.001200",
        "team": "T0295DCGC1W",
        "user_team": "T0295DCGC1W",
        "source_team": "T0295DCGC1W",
        "user_profile": {
            "avatar_hash": "g8e0cff6399e",
            "image_72": "https:\/\/secure.gravatar.com\/avatar\/8e0cff6399ee308d16a678953552af5b.jpg?s=72&d=https%3A%2F%2Fa.slack-edge.com%2Fdf10d%2Fimg%2Favatars%2Fava_0013-72.png",
            "first_name": "Tessa",
            "real_name": "Tessa",
            "display_name": "Tessa",
            "team": "T0295DCGC1W",
            "name": "s3775931",
            "is_restricted": false,
            "is_ultra_restricted": false
        },
        "blocks": [
            {
                "type": "rich_text",
                "block_id": "=YpP",
                "elements": [
                    {
                        "type": "rich_text_section",
                        "elements": [
                            {
                                "type": "text",
                                "text": "“\/getBookTransaction” - filters by title\/author"
                            }
                        ]
                    }
                ]
            }
        ]
    },
    {
        "client_msg_id": "c55b2bbb-9943-4d2e-8c84-016047c0d5f1",
        "type": "message",
        "text": "you can see both in TransactionController, will merge it in now",
        "user": "U028CMUCJ5B",
        "ts": "1631440206.002500",
        "team": "T0295DCGC1W",
        "user_team": "T0295DCGC1W",
        "source_team": "T0295DCGC1W",
        "user_profile": {
            "avatar_hash": "g8e0cff6399e",
            "image_72": "https:\/\/secure.gravatar.com\/avatar\/8e0cff6399ee308d16a678953552af5b.jpg?s=72&d=https%3A%2F%2Fa.slack-edge.com%2Fdf10d%2Fimg%2Favatars%2Fava_0013-72.png",
            "first_name": "Tessa",
            "real_name": "Tessa",
            "display_name": "Tessa",
            "team": "T0295DCGC1W",
            "name": "s3775931",
            "is_restricted": false,
            "is_ultra_restricted": false
        },
        "blocks": [
            {
                "type": "rich_text",
                "block_id": "Xbn",
                "elements": [
                    {
                        "type": "rich_text_section",
                        "elements": [
                            {
                                "type": "text",
                                "text": "you can see both in TransactionController, will merge it in now"
                            }
                        ]
                    }
                ]
            }
        ]
    },
    {
        "client_msg_id": "a0a5be9a-a7d4-49d6-b0bb-1d07f05ff8d4",
        "type": "message",
        "text": "thanks very much. will work on it tonight",
        "user": "U0295DJPBC0",
        "ts": "1631440210.002700",
        "team": "T0295DCGC1W",
        "user_team": "T0295DCGC1W",
        "source_team": "T0295DCGC1W",
        "user_profile": {
            "avatar_hash": "5bf4403d5e1b",
            "image_72": "https:\/\/avatars.slack-edge.com\/2021-07-19\/2293974360132_5bf4403d5e1bba006811_72.png",
            "first_name": "",
            "real_name": "Danny Pham",
            "display_name": "Danny Pham",
            "team": "T0295DCGC1W",
            "name": "s3719046",
            "is_restricted": false,
            "is_ultra_restricted": false
        },
        "blocks": [
            {
                "type": "rich_text",
                "block_id": "gslT5",
                "elements": [
                    {
                        "type": "rich_text_section",
                        "elements": [
                            {
                                "type": "text",
                                "text": "thanks very much. will work on it tonight"
                            }
                        ]
                    }
                ]
            }
        ]
    },
    {
        "client_msg_id": "28000a46-2c2e-45ed-a0ff-6d48c636d91d",
        "type": "message",
        "text": "{\n    “userName”: “tessa”,\n    “bookTitle”: “Tessa Podbury”,\n    “author”: “Tessa Podbury”,\n    “transactionCost”: 123.45\n}",
        "user": "U028CMUCJ5B",
        "ts": "1631440221.002900",
        "team": "T0295DCGC1W",
        "user_team": "T0295DCGC1W",
        "source_team": "T0295DCGC1W",
        "user_profile": {
            "avatar_hash": "g8e0cff6399e",
            "image_72": "https:\/\/secure.gravatar.com\/avatar\/8e0cff6399ee308d16a678953552af5b.jpg?s=72&d=https%3A%2F%2Fa.slack-edge.com%2Fdf10d%2Fimg%2Favatars%2Fava_0013-72.png",
            "first_name": "Tessa",
            "real_name": "Tessa",
            "display_name": "Tessa",
            "team": "T0295DCGC1W",
            "name": "s3775931",
            "is_restricted": false,
            "is_ultra_restricted": false
        },
        "blocks": [
            {
                "type": "rich_text",
                "block_id": "yYOgT",
                "elements": [
                    {
                        "type": "rich_text_section",
                        "elements": [
                            {
                                "type": "text",
                                "text": "{\n    “userName”: “tessa”,\n    “bookTitle”: “Tessa Podbury”,\n    “author”: “Tessa Podbury”,\n    “transactionCost”: 123.45\n}"
                            }
                        ]
                    }
                ]
            }
        ]
    },
    {
        "client_msg_id": "4ff651c4-b281-4d62-a176-0867c016c646",
        "type": "message",
        "text": "test json for you",
        "user": "U028CMUCJ5B",
        "ts": "1631440224.003100",
        "team": "T0295DCGC1W",
        "user_team": "T0295DCGC1W",
        "source_team": "T0295DCGC1W",
        "user_profile": {
            "avatar_hash": "g8e0cff6399e",
            "image_72": "https:\/\/secure.gravatar.com\/avatar\/8e0cff6399ee308d16a678953552af5b.jpg?s=72&d=https%3A%2F%2Fa.slack-edge.com%2Fdf10d%2Fimg%2Favatars%2Fava_0013-72.png",
            "first_name": "Tessa",
            "real_name": "Tessa",
            "display_name": "Tessa",
            "team": "T0295DCGC1W",
            "name": "s3775931",
            "is_restricted": false,
            "is_ultra_restricted": false
        },
        "blocks": [
            {
                "type": "rich_text",
                "block_id": "zoKk",
                "elements": [
                    {
                        "type": "rich_text_section",
                        "elements": [
                            {
                                "type": "text",
                                "text": "test json for you"
                            }
                        ]
                    }
                ]
            }
        ]
    },
    {
        "client_msg_id": "550b9840-e32f-422e-b8bf-154711f17629",
        "type": "message",
        "text": "what is getBookTransaction used for? I can't think of a use case for it",
        "user": "U0295DJPBC0",
        "ts": "1631457649.000500",
        "team": "T0295DCGC1W",
        "user_team": "T0295DCGC1W",
        "source_team": "T0295DCGC1W",
        "user_profile": {
            "avatar_hash": "5bf4403d5e1b",
            "image_72": "https:\/\/avatars.slack-edge.com\/2021-07-19\/2293974360132_5bf4403d5e1bba006811_72.png",
            "first_name": "",
            "real_name": "Danny Pham",
            "display_name": "Danny Pham",
            "team": "T0295DCGC1W",
            "name": "s3719046",
            "is_restricted": false,
            "is_ultra_restricted": false
        },
        "blocks": [
            {
                "type": "rich_text",
                "block_id": "WLlBv",
                "elements": [
                    {
                        "type": "rich_text_section",
                        "elements": [
                            {
                                "type": "text",
                                "text": "what is getBookTransaction used for? I can't think of a use case for it"
                            }
                        ]
                    }
                ]
            }
        ]
    },
    {
        "client_msg_id": "a35a5276-dda3-4842-8808-11f581472d21",
        "type": "message",
        "text": "also book and transactions use the same port. please change",
        "user": "U0295DJPBC0",
        "ts": "1631457756.000900",
        "team": "T0295DCGC1W",
        "user_team": "T0295DCGC1W",
        "source_team": "T0295DCGC1W",
        "user_profile": {
            "avatar_hash": "5bf4403d5e1b",
            "image_72": "https:\/\/avatars.slack-edge.com\/2021-07-19\/2293974360132_5bf4403d5e1bba006811_72.png",
            "first_name": "",
            "real_name": "Danny Pham",
            "display_name": "Danny Pham",
            "team": "T0295DCGC1W",
            "name": "s3719046",
            "is_restricted": false,
            "is_ultra_restricted": false
        },
        "blocks": [
            {
                "type": "rich_text",
                "block_id": "roJ94",
                "elements": [
                    {
                        "type": "rich_text_section",
                        "elements": [
                            {
                                "type": "text",
                                "text": "also book and transactions use the same port. please change"
                            }
                        ]
                    }
                ]
            }
        ],
        "thread_ts": "1631457756.000900",
        "reply_count": 7,
        "reply_users_count": 2,
        "latest_reply": "1631518273.003700",
        "reply_users": [
            "U028CMUCJ5B",
            "U0295DJPBC0"
        ],
        "replies": [
            {
                "user": "U028CMUCJ5B",
                "ts": "1631492911.000100"
            },
            {
                "user": "U0295DJPBC0",
                "ts": "1631495507.000300"
            },
            {
                "user": "U0295DJPBC0",
                "ts": "1631495578.000500"
            },
            {
                "user": "U0295DJPBC0",
                "ts": "1631517760.000200"
            },
            {
                "user": "U0295DJPBC0",
                "ts": "1631518055.003300"
            },
            {
                "user": "U028CMUCJ5B",
                "ts": "1631518183.003500"
            },
            {
                "user": "U0295DJPBC0",
                "ts": "1631518273.003700"
            }
        ],
        "is_locked": false,
        "subscribed": true,
        "last_read": "1631518273.003700"
    },
    {
        "client_msg_id": "57620a67-bef6-4a64-b738-1f208e9e9794",
        "type": "message",
        "text": "wasn’t sure whether we would need it in future if an account wanted to show books it had sold by author and title. i guess maybe it would make more sense to have seller username and buyer username in the transaction",
        "user": "U028CMUCJ5B",
        "ts": "1631492911.000100",
        "team": "T0295DCGC1W",
        "user_team": "T0295DCGC1W",
        "source_team": "T0295DCGC1W",
        "user_profile": {
            "avatar_hash": "g8e0cff6399e",
            "image_72": "https:\/\/secure.gravatar.com\/avatar\/8e0cff6399ee308d16a678953552af5b.jpg?s=72&d=https%3A%2F%2Fa.slack-edge.com%2Fdf10d%2Fimg%2Favatars%2Fava_0013-72.png",
            "first_name": "Tessa",
            "real_name": "Tessa",
            "display_name": "Tessa",
            "team": "T0295DCGC1W",
            "name": "s3775931",
            "is_restricted": false,
            "is_ultra_restricted": false
        },
        "blocks": [
            {
                "type": "rich_text",
                "block_id": "bTzc",
                "elements": [
                    {
                        "type": "rich_text_section",
                        "elements": [
                            {
                                "type": "text",
                                "text": "wasn’t sure whether we would need it in future if an account wanted to show books it had sold by author and title. i guess maybe it would make more sense to have seller username and buyer username in the transaction"
                            }
                        ]
                    }
                ]
            }
        ],
        "thread_ts": "1631457756.000900",
        "parent_user_id": "U0295DJPBC0"
    },
    {
        "client_msg_id": "4d40e3bd-3dbf-4426-877c-978fd262ea7e",
        "type": "message",
        "text": "Ye i believe there should be a seller (Company) or (Customer used book) field aswell",
        "user": "U0295DJPBC0",
        "ts": "1631495507.000300",
        "team": "T0295DCGC1W",
        "user_team": "T0295DCGC1W",
        "source_team": "T0295DCGC1W",
        "user_profile": {
            "avatar_hash": "5bf4403d5e1b",
            "image_72": "https:\/\/avatars.slack-edge.com\/2021-07-19\/2293974360132_5bf4403d5e1bba006811_72.png",
            "first_name": "",
            "real_name": "Danny Pham",
            "display_name": "Danny Pham",
            "team": "T0295DCGC1W",
            "name": "s3719046",
            "is_restricted": false,
            "is_ultra_restricted": false
        },
        "blocks": [
            {
                "type": "rich_text",
                "block_id": "Id2f\/",
                "elements": [
                    {
                        "type": "rich_text_section",
                        "elements": [
                            {
                                "type": "text",
                                "text": "Ye i believe there should be a seller (Company) or (Customer used book) field aswell"
                            }
                        ]
                    }
                ]
            }
        ],
        "thread_ts": "1631457756.000900",
        "parent_user_id": "U0295DJPBC0"
    },
    {
        "client_msg_id": "29706aee-3708-40c6-83c6-80e307615d17",
        "type": "message",
        "text": "Also we need an endpoint for sellers (Seller\/customer) to show what they sold",
        "user": "U0295DJPBC0",
        "ts": "1631495578.000500",
        "team": "T0295DCGC1W",
        "user_team": "T0295DCGC1W",
        "source_team": "T0295DCGC1W",
        "user_profile": {
            "avatar_hash": "5bf4403d5e1b",
            "image_72": "https:\/\/avatars.slack-edge.com\/2021-07-19\/2293974360132_5bf4403d5e1bba006811_72.png",
            "first_name": "",
            "real_name": "Danny Pham",
            "display_name": "Danny Pham",
            "team": "T0295DCGC1W",
            "name": "s3719046",
            "is_restricted": false,
            "is_ultra_restricted": false
        },
        "blocks": [
            {
                "type": "rich_text",
                "block_id": "gWv3",
                "elements": [
                    {
                        "type": "rich_text_section",
                        "elements": [
                            {
                                "type": "text",
                                "text": "Also we need an endpoint for sellers (Seller\/customer) to show what they sold"
                            }
                        ]
                    }
                ]
            }
        ],
        "thread_ts": "1631457756.000900",
        "parent_user_id": "U0295DJPBC0",
        "reactions": [
            {
                "name": "+1",
                "users": [
                    "U028CMUCJ5B"
                ],
                "count": 1
            }
        ]
    }
]