[
    {
        "client_msg_id": "496e4e5b-fc4a-4b89-bb06-3603ae1153db",
        "type": "message",
        "text": "<@U0295DJPBC0> updated transactions to use a list for books bought. at the moment the list type is temporarily just string until we can figure out what to do with gaining access between microservices",
        "user": "U028CMUCJ5B",
        "ts": "1631783393.000700",
        "team": "T0295DCGC1W",
        "user_team": "T0295DCGC1W",
        "source_team": "T0295DCGC1W",
        "user_profile": {
            "avatar_hash": "g8e0cff6399e",
            "image_72": "https:\/\/secure.gravatar.com\/avatar\/8e0cff6399ee308d16a678953552af5b.jpg?s=72&d=https%3A%2F%2Fa.slack-edge.com%2Fdf10d%2Fimg%2Favatars%2Fava_0013-72.png",
            "first_name": "Tessa",
            "real_name": "Tessa",
            "display_name": "Tessa",
            "team": "T0295DCGC1W",
            "name": "s3775931",
            "is_restricted": false,
            "is_ultra_restricted": false
        },
        "blocks": [
            {
                "type": "rich_text",
                "block_id": "clHvi",
                "elements": [
                    {
                        "type": "rich_text_section",
                        "elements": [
                            {
                                "type": "user",
                                "user_id": "U0295DJPBC0"
                            },
                            {
                                "type": "text",
                                "text": " updated transactions to use a list for books bought. at the moment the list type is temporarily just string until we can figure out what to do with gaining access between microservices"
                            }
                        ]
                    }
                ]
            }
        ]
    },
    {
        "client_msg_id": "ad666c13-be7c-4931-872c-3c13775c2abd",
        "type": "message",
        "text": "{\n    “userName”: “tessa”,\n    “sellerName”: “random test”,\n    “transactionCost”: 123.45,\n    “books”: [\n        “tessa”,\n        “test”\n    ],\n    “bookType”: “New”,\n    “bookSold”: *false*,\n    “bookBought”: *true*\n}",
        "user": "U028CMUCJ5B",
        "ts": "1631783396.000900",
        "team": "T0295DCGC1W",
        "user_team": "T0295DCGC1W",
        "source_team": "T0295DCGC1W",
        "user_profile": {
            "avatar_hash": "g8e0cff6399e",
            "image_72": "https:\/\/secure.gravatar.com\/avatar\/8e0cff6399ee308d16a678953552af5b.jpg?s=72&d=https%3A%2F%2Fa.slack-edge.com%2Fdf10d%2Fimg%2Favatars%2Fava_0013-72.png",
            "first_name": "Tessa",
            "real_name": "Tessa",
            "display_name": "Tessa",
            "team": "T0295DCGC1W",
            "name": "s3775931",
            "is_restricted": false,
            "is_ultra_restricted": false
        },
        "blocks": [
            {
                "type": "rich_text",
                "block_id": "pFFT",
                "elements": [
                    {
                        "type": "rich_text_section",
                        "elements": [
                            {
                                "type": "text",
                                "text": "{\n    “userName”: “tessa”,\n    “sellerName”: “random test”,\n    “transactionCost”: 123.45,\n    “books”: [\n        “tessa”,\n        “test”\n    ],\n    “bookType”: “New”,\n    “bookSold”: "
                            },
                            {
                                "type": "text",
                                "text": "false",
                                "style": {
                                    "bold": true
                                }
                            },
                            {
                                "type": "text",
                                "text": ",\n    “bookBought”: "
                            },
                            {
                                "type": "text",
                                "text": "true",
                                "style": {
                                    "bold": true
                                }
                            },
                            {
                                "type": "text",
                                "text": "\n}"
                            }
                        ]
                    }
                ]
            }
        ]
    },
    {
        "client_msg_id": "3d298de2-344e-4f4c-bce5-f925a5ca0430",
        "type": "message",
        "text": "I dont understand book sold and book bought",
        "user": "U0295DJPBC0",
        "ts": "1631783827.001200",
        "team": "T0295DCGC1W",
        "user_team": "T0295DCGC1W",
        "source_team": "T0295DCGC1W",
        "user_profile": {
            "avatar_hash": "5bf4403d5e1b",
            "image_72": "https:\/\/avatars.slack-edge.com\/2021-07-19\/2293974360132_5bf4403d5e1bba006811_72.png",
            "first_name": "",
            "real_name": "Danny Pham",
            "display_name": "Danny Pham",
            "team": "T0295DCGC1W",
            "name": "s3719046",
            "is_restricted": false,
            "is_ultra_restricted": false
        },
        "blocks": [
            {
                "type": "rich_text",
                "block_id": "YDzX",
                "elements": [
                    {
                        "type": "rich_text_section",
                        "elements": [
                            {
                                "type": "text",
                                "text": "I dont understand book sold and book bought"
                            }
                        ]
                    }
                ]
            }
        ]
    },
    {
        "client_msg_id": "5e1b119a-95c0-4eda-bf27-6712274f049d",
        "type": "message",
        "text": "for instance if the user bought used books and new books at the same time",
        "user": "U0295DJPBC0",
        "ts": "1631783854.001800",
        "team": "T0295DCGC1W",
        "user_team": "T0295DCGC1W",
        "source_team": "T0295DCGC1W",
        "user_profile": {
            "avatar_hash": "5bf4403d5e1b",
            "image_72": "https:\/\/avatars.slack-edge.com\/2021-07-19\/2293974360132_5bf4403d5e1bba006811_72.png",
            "first_name": "",
            "real_name": "Danny Pham",
            "display_name": "Danny Pham",
            "team": "T0295DCGC1W",
            "name": "s3719046",
            "is_restricted": false,
            "is_ultra_restricted": false
        },
        "blocks": [
            {
                "type": "rich_text",
                "block_id": "VSD",
                "elements": [
                    {
                        "type": "rich_text_section",
                        "elements": [
                            {
                                "type": "text",
                                "text": "for instance if the user bought used books and new books at the same time"
                            }
                        ]
                    }
                ]
            }
        ]
    },
    {
        "client_msg_id": "0948254c-c921-4529-91d1-3fd81244c154",
        "type": "message",
        "text": "what would book type be",
        "user": "U0295DJPBC0",
        "ts": "1631783858.002100",
        "team": "T0295DCGC1W",
        "user_team": "T0295DCGC1W",
        "source_team": "T0295DCGC1W",
        "user_profile": {
            "avatar_hash": "5bf4403d5e1b",
            "image_72": "https:\/\/avatars.slack-edge.com\/2021-07-19\/2293974360132_5bf4403d5e1bba006811_72.png",
            "first_name": "",
            "real_name": "Danny Pham",
            "display_name": "Danny Pham",
            "team": "T0295DCGC1W",
            "name": "s3719046",
            "is_restricted": false,
            "is_ultra_restricted": false
        },
        "blocks": [
            {
                "type": "rich_text",
                "block_id": "Wcpv",
                "elements": [
                    {
                        "type": "rich_text_section",
                        "elements": [
                            {
                                "type": "text",
                                "text": "what would book type be"
                            }
                        ]
                    }
                ]
            }
        ]
    },
    {
        "client_msg_id": "685015ed-49d0-40c3-a4bf-b496eb2051f4",
        "type": "message",
        "text": "that also goes with sellername",
        "user": "U0295DJPBC0",
        "ts": "1631783867.002500",
        "team": "T0295DCGC1W",
        "user_team": "T0295DCGC1W",
        "source_team": "T0295DCGC1W",
        "user_profile": {
            "avatar_hash": "5bf4403d5e1b",
            "image_72": "https:\/\/avatars.slack-edge.com\/2021-07-19\/2293974360132_5bf4403d5e1bba006811_72.png",
            "first_name": "",
            "real_name": "Danny Pham",
            "display_name": "Danny Pham",
            "team": "T0295DCGC1W",
            "name": "s3719046",
            "is_restricted": false,
            "is_ultra_restricted": false
        },
        "blocks": [
            {
                "type": "rich_text",
                "block_id": "G154",
                "elements": [
                    {
                        "type": "rich_text_section",
                        "elements": [
                            {
                                "type": "text",
                                "text": "that also goes with sellername"
                            }
                        ]
                    }
                ]
            }
        ]
    },
    {
        "client_msg_id": "c9ac95a5-a0f9-427a-8442-490aad371a12",
        "type": "message",
        "text": "If you can make books take an object {bookID, bookdata relevant to showing history(includes sellername: all from book api), quantity bought},  {bookID, bookdata relevant to showing history(includes sellername: all from book api), quantity bought}",
        "user": "U0295DJPBC0",
        "ts": "1631784000.004100",
        "team": "T0295DCGC1W",
        "user_team": "T0295DCGC1W",
        "source_team": "T0295DCGC1W",
        "user_profile": {
            "avatar_hash": "5bf4403d5e1b",
            "image_72": "https:\/\/avatars.slack-edge.com\/2021-07-19\/2293974360132_5bf4403d5e1bba006811_72.png",
            "first_name": "",
            "real_name": "Danny Pham",
            "display_name": "Danny Pham",
            "team": "T0295DCGC1W",
            "name": "s3719046",
            "is_restricted": false,
            "is_ultra_restricted": false
        },
        "blocks": [
            {
                "type": "rich_text",
                "block_id": "kfgT",
                "elements": [
                    {
                        "type": "rich_text_section",
                        "elements": [
                            {
                                "type": "text",
                                "text": "If you can make books take an object {bookID, bookdata relevant to showing history(includes sellername: all from book api), quantity bought},  {bookID, bookdata relevant to showing history(includes sellername: all from book api), quantity bought}"
                            }
                        ]
                    }
                ]
            }
        ]
    },
    {
        "client_msg_id": "0f25bbe1-afd4-4d1c-95ce-0e073ff7c714",
        "type": "message",
        "text": "ah true. the issue with making it an object is that the object has to be another entity.. i havent figured out yet how to add to an entity within adding to an entity and how that would work with api calls. you cant just have a list of objects without it being an entity as far as i can tell",
        "user": "U028CMUCJ5B",
        "ts": "1631784188.006200",
        "team": "T0295DCGC1W",
        "user_team": "T0295DCGC1W",
        "source_team": "T0295DCGC1W",
        "user_profile": {
            "avatar_hash": "g8e0cff6399e",
            "image_72": "https:\/\/secure.gravatar.com\/avatar\/8e0cff6399ee308d16a678953552af5b.jpg?s=72&d=https%3A%2F%2Fa.slack-edge.com%2Fdf10d%2Fimg%2Favatars%2Fava_0013-72.png",
            "first_name": "Tessa",
            "real_name": "Tessa",
            "display_name": "Tessa",
            "team": "T0295DCGC1W",
            "name": "s3775931",
            "is_restricted": false,
            "is_ultra_restricted": false
        },
        "blocks": [
            {
                "type": "rich_text",
                "block_id": "0\/Bm",
                "elements": [
                    {
                        "type": "rich_text_section",
                        "elements": [
                            {
                                "type": "text",
                                "text": "ah true. the issue with making it an object is that the object has to be another entity.. i havent figured out yet how to add to an entity within adding to an entity and how that would work with api calls. you cant just have a list of objects without it being an entity as far as i can tell"
                            }
                        ]
                    }
                ]
            }
        ]
    },
    {
        "client_msg_id": "d8e3cd82-eebc-44a0-8a13-13946508c7f9",
        "type": "message",
        "text": "we are going to run into the same issue with shopping cart",
        "user": "U028CMUCJ5B",
        "ts": "1631784213.006500",
        "team": "T0295DCGC1W",
        "user_team": "T0295DCGC1W",
        "source_team": "T0295DCGC1W",
        "user_profile": {
            "avatar_hash": "g8e0cff6399e",
            "image_72": "https:\/\/secure.gravatar.com\/avatar\/8e0cff6399ee308d16a678953552af5b.jpg?s=72&d=https%3A%2F%2Fa.slack-edge.com%2Fdf10d%2Fimg%2Favatars%2Fava_0013-72.png",
            "first_name": "Tessa",
            "real_name": "Tessa",
            "display_name": "Tessa",
            "team": "T0295DCGC1W",
            "name": "s3775931",
            "is_restricted": false,
            "is_ultra_restricted": false
        },
        "blocks": [
            {
                "type": "rich_text",
                "block_id": "kPH",
                "elements": [
                    {
                        "type": "rich_text_section",
                        "elements": [
                            {
                                "type": "text",
                                "text": "we are going to run into the same issue with shopping cart"
                            }
                        ]
                    }
                ]
            }
        ]
    },
    {
        "client_msg_id": "f6b260bc-d3aa-4fb4-97de-b814b763b5cb",
        "type": "message",
        "text": "actually gimme two secs im going to try a quick workaround i thought of",
        "user": "U028CMUCJ5B",
        "ts": "1631784305.008300",
        "team": "T0295DCGC1W",
        "user_team": "T0295DCGC1W",
        "source_team": "T0295DCGC1W",
        "user_profile": {
            "avatar_hash": "g8e0cff6399e",
            "image_72": "https:\/\/secure.gravatar.com\/avatar\/8e0cff6399ee308d16a678953552af5b.jpg?s=72&d=https%3A%2F%2Fa.slack-edge.com%2Fdf10d%2Fimg%2Favatars%2Fava_0013-72.png",
            "first_name": "Tessa",
            "real_name": "Tessa",
            "display_name": "Tessa",
            "team": "T0295DCGC1W",
            "name": "s3775931",
            "is_restricted": false,
            "is_ultra_restricted": false
        },
        "blocks": [
            {
                "type": "rich_text",
                "block_id": "y4r",
                "elements": [
                    {
                        "type": "rich_text_section",
                        "elements": [
                            {
                                "type": "text",
                                "text": "actually gimme two secs im going to try a quick workaround i thought of"
                            }
                        ]
                    }
                ]
            }
        ]
    },
    {
        "client_msg_id": "041dc39a-4f1c-4c50-b0e7-f6d101ac75ad",
        "type": "message",
        "text": "Ye, that seems to be the issue with microservices that i have been googling, Data Coupling. Some other teams are using Eureka with springboot. you might want to look into that. I emailed Homy if there will be any webinars on microservice communication but haven't heard back. But I suggest you try some workarounds before homy replies(if ever)",
        "user": "U0295DJPBC0",
        "ts": "1631784354.009100",
        "team": "T0295DCGC1W",
        "user_team": "T0295DCGC1W",
        "source_team": "T0295DCGC1W",
        "user_profile": {
            "avatar_hash": "5bf4403d5e1b",
            "image_72": "https:\/\/avatars.slack-edge.com\/2021-07-19\/2293974360132_5bf4403d5e1bba006811_72.png",
            "first_name": "",
            "real_name": "Danny Pham",
            "display_name": "Danny Pham",
            "team": "T0295DCGC1W",
            "name": "s3719046",
            "is_restricted": false,
            "is_ultra_restricted": false
        },
        "blocks": [
            {
                "type": "rich_text",
                "block_id": "BK9",
                "elements": [
                    {
                        "type": "rich_text_section",
                        "elements": [
                            {
                                "type": "text",
                                "text": "Ye, that seems to be the issue with microservices that i have been googling, Data Coupling. Some other teams are using Eureka with springboot. you might want to look into that. I emailed Homy if there will be any webinars on microservice communication but haven't heard back. But I suggest you try some workarounds before homy replies(if ever)"
                            }
                        ]
                    }
                ]
            }
        ]
    },
    {
        "client_msg_id": "07fb57d9-b25b-4105-ad33-74c01754cf55",
        "type": "message",
        "text": "i’ll get basic shopping cart up and running and then come back to how to have the list",
        "user": "U028CMUCJ5B",
        "ts": "1631784633.009600",
        "team": "T0295DCGC1W",
        "user_team": "T0295DCGC1W",
        "source_team": "T0295DCGC1W",
        "user_profile": {
            "avatar_hash": "g8e0cff6399e",
            "image_72": "https:\/\/secure.gravatar.com\/avatar\/8e0cff6399ee308d16a678953552af5b.jpg?s=72&d=https%3A%2F%2Fa.slack-edge.com%2Fdf10d%2Fimg%2Favatars%2Fava_0013-72.png",
            "first_name": "Tessa",
            "real_name": "Tessa",
            "display_name": "Tessa",
            "team": "T0295DCGC1W",
            "name": "s3775931",
            "is_restricted": false,
            "is_ultra_restricted": false
        },
        "blocks": [
            {
                "type": "rich_text",
                "block_id": "OE+",
                "elements": [
                    {
                        "type": "rich_text_section",
                        "elements": [
                            {
                                "type": "text",
                                "text": "i’ll get basic shopping cart up and running and then come back to how to have the list"
                            }
                        ]
                    }
                ]
            }
        ]
    },
    {
        "client_msg_id": "85f25024-1b04-415e-ac77-29437a37c559",
        "type": "message",
        "text": "Why dont we duplicate the book model into transactions, and make each book a book object?",
        "user": "U0295DJPBC0",
        "ts": "1631786349.011100",
        "team": "T0295DCGC1W",
        "user_team": "T0295DCGC1W",
        "source_team": "T0295DCGC1W",
        "user_profile": {
            "avatar_hash": "5bf4403d5e1b",
            "image_72": "https:\/\/avatars.slack-edge.com\/2021-07-19\/2293974360132_5bf4403d5e1bba006811_72.png",
            "first_name": "",
            "real_name": "Danny Pham",
            "display_name": "Danny Pham",
            "team": "T0295DCGC1W",
            "name": "s3719046",
            "is_restricted": false,
            "is_ultra_restricted": false
        },
        "blocks": [
            {
                "type": "rich_text",
                "block_id": "SqvJg",
                "elements": [
                    {
                        "type": "rich_text_section",
                        "elements": [
                            {
                                "type": "text",
                                "text": "Why dont we duplicate the book model into transactions, and make each book a book object?"
                            }
                        ]
                    }
                ]
            }
        ]
    },
    {
        "client_msg_id": "5a321212-e4a2-4632-9aad-a0759a46d50f",
        "type": "message",
        "text": "because we then need to make that book model an entity as far as i know. you can’t just have a generic list of objects, it has to be linked to something. unless i just cant get it to work for whatever reason. the problem i then ran into was how do you insert into the book entity using an api key to insert into a transaction entity?",
        "user": "U028CMUCJ5B",
        "ts": "1631786464.012700",
        "team": "T0295DCGC1W",
        "user_team": "T0295DCGC1W",
        "source_team": "T0295DCGC1W",
        "user_profile": {
            "avatar_hash": "g8e0cff6399e",
            "image_72": "https:\/\/secure.gravatar.com\/avatar\/8e0cff6399ee308d16a678953552af5b.jpg?s=72&d=https%3A%2F%2Fa.slack-edge.com%2Fdf10d%2Fimg%2Favatars%2Fava_0013-72.png",
            "first_name": "Tessa",
            "real_name": "Tessa",
            "display_name": "Tessa",
            "team": "T0295DCGC1W",
            "name": "s3775931",
            "is_restricted": false,
            "is_ultra_restricted": false
        },
        "blocks": [
            {
                "type": "rich_text",
                "block_id": "r2k",
                "elements": [
                    {
                        "type": "rich_text_section",
                        "elements": [
                            {
                                "type": "text",
                                "text": "because we then need to make that book model an entity as far as i know. you can’t just have a generic list of objects, it has to be linked to something. unless i just cant get it to work for whatever reason. the problem i then ran into was how do you insert into the book entity using an api key to insert into a transaction entity?"
                            }
                        ]
                    }
                ]
            }
        ]
    },
    {
        "client_msg_id": "0d3432bc-421f-4f5c-bab7-3e426376624c",
        "type": "message",
        "text": "Ah, probs not im thinking too much on front end approach",
        "user": "U0295DJPBC0",
        "ts": "1631786470.012900",
        "team": "T0295DCGC1W",
        "user_team": "T0295DCGC1W",
        "source_team": "T0295DCGC1W",
        "user_profile": {
            "avatar_hash": "5bf4403d5e1b",
            "image_72": "https:\/\/avatars.slack-edge.com\/2021-07-19\/2293974360132_5bf4403d5e1bba006811_72.png",
            "first_name": "",
            "real_name": "Danny Pham",
            "display_name": "Danny Pham",
            "team": "T0295DCGC1W",
            "name": "s3719046",
            "is_restricted": false,
            "is_ultra_restricted": false
        },
        "blocks": [
            {
                "type": "rich_text",
                "block_id": "OPg",
                "elements": [
                    {
                        "type": "rich_text_section",
                        "elements": [
                            {
                                "type": "text",
                                "text": "Ah, probs not im thinking too much on front end approach"
                            }
                        ]
                    }
                ]
            }
        ]
    },
    {
        "client_msg_id": "f1f5c612-c3ad-467f-b15e-a7d2cde6c3c0",
        "type": "message",
        "text": "i wonder whether we should consider having individual transactions for each book (at least for this milestone) i just think it’s not going to be a small amount of work to link the services and it’s not ideal to have multiple transactions but at least we could then have something to show",
        "user": "U028CMUCJ5B",
        "ts": "1631786596.013900",
        "team": "T0295DCGC1W",
        "user_team": "T0295DCGC1W",
        "source_team": "T0295DCGC1W",
        "user_profile": {
            "avatar_hash": "g8e0cff6399e",
            "image_72": "https:\/\/secure.gravatar.com\/avatar\/8e0cff6399ee308d16a678953552af5b.jpg?s=72&d=https%3A%2F%2Fa.slack-edge.com%2Fdf10d%2Fimg%2Favatars%2Fava_0013-72.png",
            "first_name": "Tessa",
            "real_name": "Tessa",
            "display_name": "Tessa",
            "team": "T0295DCGC1W",
            "name": "s3775931",
            "is_restricted": false,
            "is_ultra_restricted": false
        },
        "blocks": [
            {
                "type": "rich_text",
                "block_id": "eWg",
                "elements": [
                    {
                        "type": "rich_text_section",
                        "elements": [
                            {
                                "type": "text",
                                "text": "i wonder whether we should consider having individual transactions for each book (at least for this milestone) i just think it’s not going to be a small amount of work to link the services and it’s not ideal to have multiple transactions but at least we could then have something to show"
                            }
                        ]
                    }
                ]
            }
        ]
    },
    {
        "client_msg_id": "da25489d-2382-4fec-b8a5-122359e19867",
        "type": "message",
        "text": "you know we can do shopping cart next sprint",
        "user": "U0295DJPBC0",
        "ts": "1631786724.014300",
        "team": "T0295DCGC1W",
        "user_team": "T0295DCGC1W",
        "source_team": "T0295DCGC1W",
        "user_profile": {
            "avatar_hash": "5bf4403d5e1b",
            "image_72": "https:\/\/avatars.slack-edge.com\/2021-07-19\/2293974360132_5bf4403d5e1bba006811_72.png",
            "first_name": "",
            "real_name": "Danny Pham",
            "display_name": "Danny Pham",
            "team": "T0295DCGC1W",
            "name": "s3719046",
            "is_restricted": false,
            "is_ultra_restricted": false
        },
        "blocks": [
            {
                "type": "rich_text",
                "block_id": "kICdM",
                "elements": [
                    {
                        "type": "rich_text_section",
                        "elements": [
                            {
                                "type": "text",
                                "text": "you know we can do shopping cart next sprint"
                            }
                        ]
                    }
                ]
            }
        ]
    },
    {
        "client_msg_id": "9750a1f2-e9ab-4272-bdff-2c33fd3d0701",
        "type": "message",
        "text": "We have 3 types of ordering books (3 user stories)\n• Shopping cart (Multiple\n• Multiple of same book (quantity)\n• Buy now (1 quanitity)",
        "user": "U0295DJPBC0",
        "ts": "1631786773.015300",
        "team": "T0295DCGC1W",
        "user_team": "T0295DCGC1W",
        "source_team": "T0295DCGC1W",
        "user_profile": {
            "avatar_hash": "5bf4403d5e1b",
            "image_72": "https:\/\/avatars.slack-edge.com\/2021-07-19\/2293974360132_5bf4403d5e1bba006811_72.png",
            "first_name": "",
            "real_name": "Danny Pham",
            "display_name": "Danny Pham",
            "team": "T0295DCGC1W",
            "name": "s3719046",
            "is_restricted": false,
            "is_ultra_restricted": false
        },
        "blocks": [
            {
                "type": "rich_text",
                "block_id": "OEL",
                "elements": [
                    {
                        "type": "rich_text_section",
                        "elements": [
                            {
                                "type": "text",
                                "text": "We have 3 types of ordering books (3 user stories)\n"
                            }
                        ]
                    },
                    {
                        "type": "rich_text_list",
                        "elements": [
                            {
                                "type": "rich_text_section",
                                "elements": [
                                    {
                                        "type": "text",
                                        "text": "Shopping cart (Multiple"
                                    }
                                ]
                            },
                            {
                                "type": "rich_text_section",
                                "elements": [
                                    {
                                        "type": "text",
                                        "text": "Multiple of same book (quantity)"
                                    }
                                ]
                            },
                            {
                                "type": "rich_text_section",
                                "elements": [
                                    {
                                        "type": "text",
                                        "text": "Buy now (1 quanitity)"
                                    }
                                ]
                            }
                        ],
                        "style": "bullet",
                        "indent": 0,
                        "border": 0
                    }
                ]
            }
        ],
        "thread_ts": "1631786773.015300",
        "reply_count": 2,
        "reply_users_count": 2,
        "latest_reply": "1631787051.018700",
        "reply_users": [
            "U0295DJPBC0",
            "U028MUSM01J"
        ],
        "replies": [
            {
                "user": "U0295DJPBC0",
                "ts": "1631787012.018100"
            },
            {
                "user": "U028MUSM01J",
                "ts": "1631787051.018700"
            }
        ],
        "is_locked": false,
        "subscribed": false
    },
    {
        "client_msg_id": "b521213e-d0c9-4ac1-b1c7-1d4c3784d669",
        "type": "message",
        "text": "Harris and I did frontend functionality to Buy now",
        "user": "U0295DJPBC0",
        "ts": "1631786825.015800",
        "team": "T0295DCGC1W",
        "user_team": "T0295DCGC1W",
        "source_team": "T0295DCGC1W",
        "user_profile": {
            "avatar_hash": "5bf4403d5e1b",
            "image_72": "https:\/\/avatars.slack-edge.com\/2021-07-19\/2293974360132_5bf4403d5e1bba006811_72.png",
            "first_name": "",
            "real_name": "Danny Pham",
            "display_name": "Danny Pham",
            "team": "T0295DCGC1W",
            "name": "s3719046",
            "is_restricted": false,
            "is_ultra_restricted": false
        },
        "blocks": [
            {
                "type": "rich_text",
                "block_id": "xb+IW",
                "elements": [
                    {
                        "type": "rich_text_section",
                        "elements": [
                            {
                                "type": "text",
                                "text": "Harris and I did frontend functionality to Buy now"
                            }
                        ]
                    }
                ]
            }
        ]
    },
    {
        "client_msg_id": "bbd90128-dfce-4591-b704-48d8fa67223b",
        "type": "message",
        "text": "<https:\/\/gyazo.com\/1de896b33675c01afed1784977899cb7>",
        "user": "U0295DJPBC0",
        "ts": "1631786840.016000",
        "team": "T0295DCGC1W",
        "user_team": "T0295DCGC1W",
        "source_team": "T0295DCGC1W",
        "user_profile": {
            "avatar_hash": "5bf4403d5e1b",
            "image_72": "https:\/\/avatars.slack-edge.com\/2021-07-19\/2293974360132_5bf4403d5e1bba006811_72.png",
            "first_name": "",
            "real_name": "Danny Pham",
            "display_name": "Danny Pham",
            "team": "T0295DCGC1W",
            "name": "s3719046",
            "is_restricted": false,
            "is_ultra_restricted": false
        },
        "attachments": [
            {
                "title": "Gyazo",
                "title_link": "https:\/\/gyazo.com\/1de896b33675c01afed1784977899cb7",
                "text": "Easily capture screenshots, GIFs, and replays that are ready to share. Download the free app for windows and mac.",
                "fallback": "Gyazo",
                "image_url": "https:\/\/i.gyazo.com\/thumb\/1200\/1de896b33675c01afed1784977899cb7-gif.gif",
                "image_width": 486,
                "image_height": 250,
                "from_url": "https:\/\/gyazo.com\/1de896b33675c01afed1784977899cb7",
                "image_bytes": 1311923,
                "service_icon": "https:\/\/gyazo.com\/favicon.ico",
                "service_name": "gyazo.com",
                "id": 1,
                "original_url": "https:\/\/gyazo.com\/1de896b33675c01afed1784977899cb7"
            }
        ],
        "blocks": [
            {
                "type": "rich_text",
                "block_id": "+C0",
                "elements": [
                    {
                        "type": "rich_text_section",
                        "elements": [
                            {
                                "type": "link",
                                "url": "https:\/\/gyazo.com\/1de896b33675c01afed1784977899cb7"
                            }
                        ]
                    }
                ]
            }
        ]
    },
    {
        "client_msg_id": "29ba6e71-407a-44e9-a56c-1d13aa6467a1",
        "type": "message",
        "text": "If you do your backend to accommodate this, go for it. but make sure you change the sprint backlog, since I added a bunch of stuff that we are working on which we can do later",
        "user": "U0295DJPBC0",
        "ts": "1631786906.017400",
        "team": "T0295DCGC1W",
        "user_team": "T0295DCGC1W",
        "source_team": "T0295DCGC1W",
        "user_profile": {
            "avatar_hash": "5bf4403d5e1b",
            "image_72": "https:\/\/avatars.slack-edge.com\/2021-07-19\/2293974360132_5bf4403d5e1bba006811_72.png",
            "first_name": "",
            "real_name": "Danny Pham",
            "display_name": "Danny Pham",
            "team": "T0295DCGC1W",
            "name": "s3719046",
            "is_restricted": false,
            "is_ultra_restricted": false
        },
        "blocks": [
            {
                "type": "rich_text",
                "block_id": "EJc",
                "elements": [
                    {
                        "type": "rich_text_section",
                        "elements": [
                            {
                                "type": "text",
                                "text": "If you do your backend to accommodate this, go for it. but make sure you change the sprint backlog, since I added a bunch of stuff that we are working on which we can do later"
                            }
                        ]
                    }
                ]
            }
        ]
    },
    {
        "client_msg_id": "18b577bc-75fe-4f04-aa93-0d2739a99306",
        "type": "message",
        "text": "oh wait so we don’t need transactions to show for this sprint?",
        "user": "U028CMUCJ5B",
        "ts": "1631786971.017800",
        "team": "T0295DCGC1W",
        "user_team": "T0295DCGC1W",
        "source_team": "T0295DCGC1W",
        "user_profile": {
            "avatar_hash": "g8e0cff6399e",
            "image_72": "https:\/\/secure.gravatar.com\/avatar\/8e0cff6399ee308d16a678953552af5b.jpg?s=72&d=https%3A%2F%2Fa.slack-edge.com%2Fdf10d%2Fimg%2Favatars%2Fava_0013-72.png",
            "first_name": "Tessa",
            "real_name": "Tessa",
            "display_name": "Tessa",
            "team": "T0295DCGC1W",
            "name": "s3775931",
            "is_restricted": false,
            "is_ultra_restricted": false
        },
        "blocks": [
            {
                "type": "rich_text",
                "block_id": "mqvf1",
                "elements": [
                    {
                        "type": "rich_text_section",
                        "elements": [
                            {
                                "type": "text",
                                "text": "oh wait so we don’t need transactions to show for this sprint?"
                            }
                        ]
                    }
                ]
            }
        ]
    },
    {
        "client_msg_id": "4acf5172-1928-49bb-8f9c-244d00bf0c96",
        "type": "message",
        "text": "<@U028MUSM01J>",
        "user": "U0295DJPBC0",
        "ts": "1631787012.018100",
        "team": "T0295DCGC1W",
        "user_team": "T0295DCGC1W",
        "source_team": "T0295DCGC1W",
        "user_profile": {
            "avatar_hash": "5bf4403d5e1b",
            "image_72": "https:\/\/avatars.slack-edge.com\/2021-07-19\/2293974360132_5bf4403d5e1bba006811_72.png",
            "first_name": "",
            "real_name": "Danny Pham",
            "display_name": "Danny Pham",
            "team": "T0295DCGC1W",
            "name": "s3719046",
            "is_restricted": false,
            "is_ultra_restricted": false
        },
        "blocks": [
            {
                "type": "rich_text",
                "block_id": "OFUX",
                "elements": [
                    {
                        "type": "rich_text_section",
                        "elements": [
                            {
                                "type": "user",
                                "user_id": "U028MUSM01J"
                            }
                        ]
                    }
                ]
            }
        ],
        "thread_ts": "1631786773.015300",
        "parent_user_id": "U0295DJPBC0",
        "reactions": [
            {
                "name": "white_check_mark",
                "users": [
                    "U028MUSM01J"
                ],
                "count": 1
            }
        ]
    },
    {
        "type": "message",
        "text": "",
        "files": [
            {
                "id": "F02EFJ4U5K8",
                "created": 1631787047,
                "timestamp": 1631787047,
                "name": "image.png",
                "title": "image.png",
                "mimetype": "image\/png",
                "filetype": "png",
                "pretty_type": "PNG",
                "user": "U0295DJPBC0",
                "editable": false,
                "size": 84191,
                "mode": "hosted",
                "is_external": false,
                "external_type": "",
                "is_public": true,
                "public_url_shared": false,
                "display_as_bot": false,
                "username": "",
                "url_private": "https:\/\/files.slack.com\/files-pri\/T0295DCGC1W-F02EFJ4U5K8\/image.png?t=xoxe-2311454556064-2499511529910-2506255268787-4ae9ed41410513eafb10ab9c3d38a89d",
                "url_private_download": "https:\/\/files.slack.com\/files-pri\/T0295DCGC1W-F02EFJ4U5K8\/download\/image.png?t=xoxe-2311454556064-2499511529910-2506255268787-4ae9ed41410513eafb10ab9c3d38a89d",
                "thumb_64": "https:\/\/files.slack.com\/files-tmb\/T0295DCGC1W-F02EFJ4U5K8-efc312d847\/image_64.png?t=xoxe-2311454556064-2499511529910-2506255268787-4ae9ed41410513eafb10ab9c3d38a89d",
                "thumb_80": "https:\/\/files.slack.com\/files-tmb\/T0295DCGC1W-F02EFJ4U5K8-efc312d847\/image_80.png?t=xoxe-2311454556064-2499511529910-2506255268787-4ae9ed41410513eafb10ab9c3d38a89d",
                "thumb_360": "https:\/\/files.slack.com\/files-tmb\/T0295DCGC1W-F02EFJ4U5K8-efc312d847\/image_360.png?t=xoxe-2311454556064-2499511529910-2506255268787-4ae9ed41410513eafb10ab9c3d38a89d",
                "thumb_360_w": 341,
                "thumb_360_h": 360,
                "thumb_480": "https:\/\/files.slack.com\/files-tmb\/T0295DCGC1W-F02EFJ4U5K8-efc312d847\/image_480.png?t=xoxe-2311454556064-2499511529910-2506255268787-4ae9ed41410513eafb10ab9c3d38a89d",
                "thumb_480_w": 454,
                "thumb_480_h": 480,
                "thumb_160": "https:\/\/files.slack.com\/files-tmb\/T0295DCGC1W-F02EFJ4U5K8-efc312d847\/image_160.png?t=xoxe-2311454556064-2499511529910-2506255268787-4ae9ed41410513eafb10ab9c3d38a89d",
                "thumb_720": "https:\/\/files.slack.com\/files-tmb\/T0295DCGC1W-F02EFJ4U5K8-efc312d847\/image_720.png?t=xoxe-2311454556064-2499511529910-2506255268787-4ae9ed41410513eafb10ab9c3d38a89d",
                "thumb_720_w": 681,
                "thumb_720_h": 720,
                "thumb_800": "https:\/\/files.slack.com\/files-tmb\/T0295DCGC1W-F02EFJ4U5K8-efc312d847\/image_800.png?t=xoxe-2311454556064-2499511529910-2506255268787-4ae9ed41410513eafb10ab9c3d38a89d",
                "thumb_800_w": 800,
                "thumb_800_h": 846,
                "original_w": 804,
                "original_h": 850,
                "thumb_tiny": "AwAwAC2tzjnP60Z9z+ZpwA2jjtRx6fpQA3PufzNH0yfxoJ\/2aF5PSgBDu68gUKT6mj1oWgB6\/dH0pG9cfpSj7o+lNP1NACZ9h+VKp6\/Sm05ec\/SgBPWhaPWhaAHj7o+lNY5oONo5ptABTk6\/hTaUd\/pQAetC0etC0Af\/2Q==",
                "permalink": "https:\/\/softwarecrewworkspace.slack.com\/files\/U0295DJPBC0\/F02EFJ4U5K8\/image.png",
                "permalink_public": "https:\/\/slack-files.com\/T0295DCGC1W-F02EFJ4U5K8-b017abb415",
                "is_starred": false,
                "has_rich_preview": false
            }
        ],
        "upload": false,
        "user": "U0295DJPBC0",
        "display_as_bot": false,
        "ts": "1631787050.018400"
    },
    {
        "client_msg_id": "11640948-9ef4-4c9f-8aa5-00818fbcfc52",
        "type": "message",
        "text": "Oh just saw it now :PP",
        "user": "U028MUSM01J",
        "ts": "1631787051.018700",
        "team": "T0295DCGC1W",
        "user_team": "T0295DCGC1W",
        "source_team": "T0295DCGC1W",
        "user_profile": {
            "avatar_hash": "g85a3f76175d",
            "image_72": "https:\/\/secure.gravatar.com\/avatar\/85a3f76175d92fefe6ad3e1db0e8de72.jpg?s=72&d=https%3A%2F%2Fa.slack-edge.com%2Fdf10d%2Fimg%2Favatars%2Fava_0010-72.png",
            "first_name": "",
            "real_name": "Clinton Thai",
            "display_name": "Clinton Thai",
            "team": "T0295DCGC1W",
            "name": "s3840992",
            "is_restricted": false,
            "is_ultra_restricted": false
        },
        "blocks": [
            {
                "type": "rich_text",
                "block_id": "4Ij",
                "elements": [
                    {
                        "type": "rich_text_section",
                        "elements": [
                            {
                                "type": "text",
                                "text": "Oh just saw it now :PP"
                            }
                        ]
                    }
                ]
            }
        ],
        "thread_ts": "1631786773.015300",
        "parent_user_id": "U0295DJPBC0"
    },
    {
        "client_msg_id": "750d68f4-2f48-4d15-8b5e-02458995c684",
        "type": "message",
        "text": "is transactions buying or history?",
        "user": "U0295DJPBC0",
        "ts": "1631787067.019100",
        "team": "T0295DCGC1W",
        "user_team": "T0295DCGC1W",
        "source_team": "T0295DCGC1W",
        "user_profile": {
            "avatar_hash": "5bf4403d5e1b",
            "image_72": "https:\/\/avatars.slack-edge.com\/2021-07-19\/2293974360132_5bf4403d5e1bba006811_72.png",
            "first_name": "",
            "real_name": "Danny Pham",
            "display_name": "Danny Pham",
            "team": "T0295DCGC1W",
            "name": "s3719046",
            "is_restricted": false,
            "is_ultra_restricted": false
        },
        "blocks": [
            {
                "type": "rich_text",
                "block_id": "anyKB",
                "elements": [
                    {
                        "type": "rich_text_section",
                        "elements": [
                            {
                                "type": "text",
                                "text": "is transactions buying or history?"
                            }
                        ]
                    }
                ]
            }
        ]
    },
    {
        "client_msg_id": "ca806570-f737-4632-8438-c12b63a0f10f",
        "type": "message",
        "text": "i would say history",
        "user": "U028CMUCJ5B",
        "ts": "1631787137.019300",
        "team": "T0295DCGC1W",
        "user_team": "T0295DCGC1W",
        "source_team": "T0295DCGC1W",
        "user_profile": {
            "avatar_hash": "g8e0cff6399e",
            "image_72": "https:\/\/secure.gravatar.com\/avatar\/8e0cff6399ee308d16a678953552af5b.jpg?s=72&d=https%3A%2F%2Fa.slack-edge.com%2Fdf10d%2Fimg%2Favatars%2Fava_0013-72.png",
            "first_name": "Tessa",
            "real_name": "Tessa",
            "display_name": "Tessa",
            "team": "T0295DCGC1W",
            "name": "s3775931",
            "is_restricted": false,
            "is_ultra_restricted": false
        },
        "blocks": [
            {
                "type": "rich_text",
                "block_id": "XYy",
                "elements": [
                    {
                        "type": "rich_text_section",
                        "elements": [
                            {
                                "type": "text",
                                "text": "i would say history"
                            }
                        ]
                    }
                ]
            }
        ]
    },
    {
        "client_msg_id": "83ca2918-2a25-4ae3-8155-5fc714839c95",
        "type": "message",
        "text": "that's medium then",
        "user": "U0295DJPBC0",
        "ts": "1631787151.019500",
        "team": "T0295DCGC1W",
        "user_team": "T0295DCGC1W",
        "source_team": "T0295DCGC1W",
        "user_profile": {
            "avatar_hash": "5bf4403d5e1b",
            "image_72": "https:\/\/avatars.slack-edge.com\/2021-07-19\/2293974360132_5bf4403d5e1bba006811_72.png",
            "first_name": "",
            "real_name": "Danny Pham",
            "display_name": "Danny Pham",
            "team": "T0295DCGC1W",
            "name": "s3719046",
            "is_restricted": false,
            "is_ultra_restricted": false
        },
        "blocks": [
            {
                "type": "rich_text",
                "block_id": "aOcQ",
                "elements": [
                    {
                        "type": "rich_text_section",
                        "elements": [
                            {
                                "type": "text",
                                "text": "that's medium then"
                            }
                        ]
                    }
                ]
            }
        ]
    },
    {
        "client_msg_id": "3bf3e0c5-8eec-4057-a792-37c6afc49ab6",
        "type": "message",
        "text": "I mean high",
        "user": "U0295DJPBC0",
        "ts": "1631787163.019700",
        "team": "T0295DCGC1W",
        "user_team": "T0295DCGC1W",
        "source_team": "T0295DCGC1W",
        "user_profile": {
            "avatar_hash": "5bf4403d5e1b",
            "image_72": "https:\/\/avatars.slack-edge.com\/2021-07-19\/2293974360132_5bf4403d5e1bba006811_72.png",
            "first_name": "",
            "real_name": "Danny Pham",
            "display_name": "Danny Pham",
            "team": "T0295DCGC1W",
            "name": "s3719046",
            "is_restricted": false,
            "is_ultra_restricted": false
        },
        "blocks": [
            {
                "type": "rich_text",
                "block_id": "B77RN",
                "elements": [
                    {
                        "type": "rich_text_section",
                        "elements": [
                            {
                                "type": "text",
                                "text": "I mean high"
                            }
                        ]
                    }
                ]
            }
        ]
    },
    {
        "client_msg_id": "d3fcbf72-41b4-49e0-954c-0d2bf1d7fc49",
        "type": "message",
        "text": "but we should focus on critical",
        "user": "U0295DJPBC0",
        "ts": "1631787171.020000",
        "team": "T0295DCGC1W",
        "user_team": "T0295DCGC1W",
        "source_team": "T0295DCGC1W",
        "user_profile": {
            "avatar_hash": "5bf4403d5e1b",
            "image_72": "https:\/\/avatars.slack-edge.com\/2021-07-19\/2293974360132_5bf4403d5e1bba006811_72.png",
            "first_name": "",
            "real_name": "Danny Pham",
            "display_name": "Danny Pham",
            "team": "T0295DCGC1W",
            "name": "s3719046",
            "is_restricted": false,
            "is_ultra_restricted": false
        },
        "blocks": [
            {
                "type": "rich_text",
                "block_id": "vwvac",
                "elements": [
                    {
                        "type": "rich_text_section",
                        "elements": [
                            {
                                "type": "text",
                                "text": "but we should focus on critical"
                            }
                        ]
                    }
                ]
            }
        ]
    },
    {
        "client_msg_id": "5442da8f-cddb-4901-ae0d-c81bf2e440c9",
        "type": "message",
        "text": "ah okay sweet. i’ve finished the base code for the shopping cart but ill start looking into how we can link services and getting docs ready for saturday",
        "user": "U028CMUCJ5B",
        "ts": "1631787468.020700",
        "team": "T0295DCGC1W",
        "user_team": "T0295DCGC1W",
        "source_team": "T0295DCGC1W",
        "user_profile": {
            "avatar_hash": "g8e0cff6399e",
            "image_72": "https:\/\/secure.gravatar.com\/avatar\/8e0cff6399ee308d16a678953552af5b.jpg?s=72&d=https%3A%2F%2Fa.slack-edge.com%2Fdf10d%2Fimg%2Favatars%2Fava_0013-72.png",
            "first_name": "Tessa",
            "real_name": "Tessa",
            "display_name": "Tessa",
            "team": "T0295DCGC1W",
            "name": "s3775931",
            "is_restricted": false,
            "is_ultra_restricted": false
        },
        "blocks": [
            {
                "type": "rich_text",
                "block_id": "tg0zZ",
                "elements": [
                    {
                        "type": "rich_text_section",
                        "elements": [
                            {
                                "type": "text",
                                "text": "ah okay sweet. i’ve finished the base code for the shopping cart but ill start looking into how we can link services and getting docs ready for saturday"
                            }
                        ]
                    }
                ]
            }
        ]
    },
    {
        "client_msg_id": "e140cc73-b4ae-4449-abcf-07537eb3c98f",
        "type": "message",
        "text": "idk tho, im not the project manager or scrum leader so just do whatever ahahh",
        "user": "U0295DJPBC0",
        "ts": "1631789277.021200",
        "team": "T0295DCGC1W",
        "user_team": "T0295DCGC1W",
        "source_team": "T0295DCGC1W",
        "user_profile": {
            "avatar_hash": "5bf4403d5e1b",
            "image_72": "https:\/\/avatars.slack-edge.com\/2021-07-19\/2293974360132_5bf4403d5e1bba006811_72.png",
            "first_name": "",
            "real_name": "Danny Pham",
            "display_name": "Danny Pham",
            "team": "T0295DCGC1W",
            "name": "s3719046",
            "is_restricted": false,
            "is_ultra_restricted": false
        },
        "blocks": [
            {
                "type": "rich_text",
                "block_id": "qDh",
                "elements": [
                    {
                        "type": "rich_text_section",
                        "elements": [
                            {
                                "type": "text",
                                "text": "idk tho, im not the project manager or scrum leader so just do whatever ahahh"
                            }
                        ]
                    }
                ]
            }
        ]
    },
    {
        "client_msg_id": "43ac1807-9cd0-44aa-a784-7202b6ce48d3",
        "type": "message",
        "text": "backend should be following closely to the specs and product backlog and should know what info to put in the apis. because most of frontend data relies on what backend endpoints provide etc",
        "user": "U0295DJPBC0",
        "ts": "1631789496.022700",
        "team": "T0295DCGC1W",
        "user_team": "T0295DCGC1W",
        "source_team": "T0295DCGC1W",
        "user_profile": {
            "avatar_hash": "5bf4403d5e1b",
            "image_72": "https:\/\/avatars.slack-edge.com\/2021-07-19\/2293974360132_5bf4403d5e1bba006811_72.png",
            "first_name": "",
            "real_name": "Danny Pham",
            "display_name": "Danny Pham",
            "team": "T0295DCGC1W",
            "name": "s3719046",
            "is_restricted": false,
            "is_ultra_restricted": false
        },
        "blocks": [
            {
                "type": "rich_text",
                "block_id": "Ofr",
                "elements": [
                    {
                        "type": "rich_text_section",
                        "elements": [
                            {
                                "type": "text",
                                "text": "backend should be following closely to the specs and product backlog and should know what info to put in the apis. because most of frontend data relies on what backend endpoints provide etc"
                            }
                        ]
                    }
                ]
            }
        ]
    },
    {
        "client_msg_id": "2ec1f6d0-4656-42ea-a207-6ff77828d8b7",
        "type": "message",
        "text": "Pushed to development for purchasing flow. waiting for a checkout api to complete purchase",
        "user": "U0295DJPBC0",
        "ts": "1631805381.000500",
        "team": "T0295DCGC1W",
        "user_team": "T0295DCGC1W",
        "source_team": "T0295DCGC1W",
        "user_profile": {
            "avatar_hash": "5bf4403d5e1b",
            "image_72": "https:\/\/avatars.slack-edge.com\/2021-07-19\/2293974360132_5bf4403d5e1bba006811_72.png",
            "first_name": "",
            "real_name": "Danny Pham",
            "display_name": "Danny Pham",
            "team": "T0295DCGC1W",
            "name": "s3719046",
            "is_restricted": false,
            "is_ultra_restricted": false
        },
        "blocks": [
            {
                "type": "rich_text",
                "block_id": "TAmo",
                "elements": [
                    {
                        "type": "rich_text_section",
                        "elements": [
                            {
                                "type": "text",
                                "text": "Pushed to development for purchasing flow. waiting for a checkout api to complete purchase"
                            }
                        ]
                    }
                ]
            }
        ],
        "thread_ts": "1631805381.000500",
        "reply_count": 12,
        "reply_users_count": 3,
        "latest_reply": "1631898939.000100",
        "reply_users": [
            "U028CMUCJ5B",
            "U02811FL3QF",
            "U0295DJPBC0"
        ],
        "replies": [
            {
                "user": "U028CMUCJ5B",
                "ts": "1631846146.000100"
            },
            {
                "user": "U02811FL3QF",
                "ts": "1631846311.000300"
            },
            {
                "user": "U028CMUCJ5B",
                "ts": "1631853881.000500"
            },
            {
                "user": "U028CMUCJ5B",
                "ts": "1631855674.000700"
            },
            {
                "user": "U028CMUCJ5B",
                "ts": "1631855790.000900"
            },
            {
                "user": "U028CMUCJ5B",
                "ts": "1631855799.001100"
            },
            {
                "user": "U02811FL3QF",
                "ts": "1631855857.001300"
            },
            {
                "user": "U028CMUCJ5B",
                "ts": "1631856624.001500"
            },
            {
                "user": "U028CMUCJ5B",
                "ts": "1631856634.001700"
            },
            {
                "user": "U0295DJPBC0",
                "ts": "1631856776.001900"
            },
            {
                "user": "U0295DJPBC0",
                "ts": "1631856822.002100"
            },
            {
                "user": "U0295DJPBC0",
                "ts": "1631898939.000100"
            }
        ],
        "is_locked": false,
        "subscribed": true,
        "last_read": "1631856822.002100"
    },
    {
        "client_msg_id": "a7f6745c-14b5-4aca-aff6-b48667862597",
        "type": "message",
        "text": "<@U02811FL3QF> would like your opinion on this.. do we then need an “order” microservice or does that checkout api exist on transaction and just create new transaction?",
        "user": "U028CMUCJ5B",
        "ts": "1631846146.000100",
        "team": "T0295DCGC1W",
        "user_team": "T0295DCGC1W",
        "source_team": "T0295DCGC1W",
        "user_profile": {
            "avatar_hash": "g8e0cff6399e",
            "image_72": "https:\/\/secure.gravatar.com\/avatar\/8e0cff6399ee308d16a678953552af5b.jpg?s=72&d=https%3A%2F%2Fa.slack-edge.com%2Fdf10d%2Fimg%2Favatars%2Fava_0013-72.png",
            "first_name": "Tessa",
            "real_name": "Tessa",
            "display_name": "Tessa",
            "team": "T0295DCGC1W",
            "name": "s3775931",
            "is_restricted": false,
            "is_ultra_restricted": false
        },
        "blocks": [
            {
                "type": "rich_text",
                "block_id": "lSl",
                "elements": [
                    {
                        "type": "rich_text_section",
                        "elements": [
                            {
                                "type": "user",
                                "user_id": "U02811FL3QF"
                            },
                            {
                                "type": "text",
                                "text": " would like your opinion on this.. do we then need an “order” microservice or does that checkout api exist on transaction and just create new transaction?"
                            }
                        ]
                    }
                ]
            }
        ],
        "thread_ts": "1631805381.000500",
        "parent_user_id": "U0295DJPBC0"
    },
    {
        "client_msg_id": "58d3b7a7-e204-4ac6-851f-405d8063b98f",
        "type": "message",
        "text": "I think an order microservice and a checkout would do the same thing. I think in the model for transaction we make a Boolean for \"completed\" or something to that effect and then when the checkout API is called the order is placed by updating the boolean. Does that work?",
        "user": "U02811FL3QF",
        "ts": "1631846311.000300",
        "team": "T0295DCGC1W",
        "user_team": "T0295DCGC1W",
        "source_team": "T0295DCGC1W",
        "user_profile": {
            "avatar_hash": "2084c3d9ca64",
            "image_72": "https:\/\/avatars.slack-edge.com\/2021-08-26\/2421685802051_2084c3d9ca649b7e9eb2_72.jpg",
            "first_name": "",
            "real_name": "Harris Charalambous",
            "display_name": "Harris Charalambous",
            "team": "T0295DCGC1W",
            "name": "s3742332",
            "is_restricted": false,
            "is_ultra_restricted": false
        },
        "blocks": [
            {
                "type": "rich_text",
                "block_id": "e0A",
                "elements": [
                    {
                        "type": "rich_text_section",
                        "elements": [
                            {
                                "type": "text",
                                "text": "I think an order microservice and a checkout would do the same thing. I think in the model for transaction we make a Boolean for \"completed\" or something to that effect and then when the checkout API is called the order is placed by updating the boolean. Does that work?"
                            }
                        ]
                    }
                ]
            }
        ],
        "thread_ts": "1631805381.000500",
        "parent_user_id": "U0295DJPBC0"
    },
    {
        "client_msg_id": "1de718aa-f41f-4f88-89e7-813c5bfd3a19",
        "type": "message",
        "text": "yep cool i’ll try that",
        "user": "U028CMUCJ5B",
        "ts": "1631853881.000500",
        "team": "T0295DCGC1W",
        "user_team": "T0295DCGC1W",
        "source_team": "T0295DCGC1W",
        "user_profile": {
            "avatar_hash": "g8e0cff6399e",
            "image_72": "https:\/\/secure.gravatar.com\/avatar\/8e0cff6399ee308d16a678953552af5b.jpg?s=72&d=https%3A%2F%2Fa.slack-edge.com%2Fdf10d%2Fimg%2Favatars%2Fava_0013-72.png",
            "first_name": "Tessa",
            "real_name": "Tessa",
            "display_name": "Tessa",
            "team": "T0295DCGC1W",
            "name": "s3775931",
            "is_restricted": false,
            "is_ultra_restricted": false
        },
        "blocks": [
            {
                "type": "rich_text",
                "block_id": "vS\/",
                "elements": [
                    {
                        "type": "rich_text_section",
                        "elements": [
                            {
                                "type": "text",
                                "text": "yep cool i’ll try that"
                            }
                        ]
                    }
                ]
            }
        ],
        "thread_ts": "1631805381.000500",
        "parent_user_id": "U0295DJPBC0"
    },
    {
        "client_msg_id": "c1897ed8-ece5-4d6b-b2d6-8cb18faeaf05",
        "type": "message",
        "text": "<@U0295DJPBC0> <@U02811FL3QF> added endpoint ’\/completeOrder\/{transactionId}“’. it updates an orderComplete boolean from false to true when it’s called. does this give you what you need front end wise?",
        "user": "U028CMUCJ5B",
        "ts": "1631855674.000700",
        "team": "T0295DCGC1W",
        "user_team": "T0295DCGC1W",
        "source_team": "T0295DCGC1W",
        "user_profile": {
            "avatar_hash": "g8e0cff6399e",
            "image_72": "https:\/\/secure.gravatar.com\/avatar\/8e0cff6399ee308d16a678953552af5b.jpg?s=72&d=https%3A%2F%2Fa.slack-edge.com%2Fdf10d%2Fimg%2Favatars%2Fava_0013-72.png",
            "first_name": "Tessa",
            "real_name": "Tessa",
            "display_name": "Tessa",
            "team": "T0295DCGC1W",
            "name": "s3775931",
            "is_restricted": false,
            "is_ultra_restricted": false
        },
        "blocks": [
            {
                "type": "rich_text",
                "block_id": "gMXf",
                "elements": [
                    {
                        "type": "rich_text_section",
                        "elements": [
                            {
                                "type": "user",
                                "user_id": "U0295DJPBC0"
                            },
                            {
                                "type": "text",
                                "text": " "
                            },
                            {
                                "type": "user",
                                "user_id": "U02811FL3QF"
                            },
                            {
                                "type": "text",
                                "text": " added endpoint ’\/completeOrder\/{transactionId}“’. it updates an orderComplete boolean from false to true when it’s called. does this give you what you need front end wise?"
                            }
                        ]
                    }
                ]
            }
        ],
        "thread_ts": "1631805381.000500",
        "parent_user_id": "U0295DJPBC0"
    },
    {
        "client_msg_id": "02ca02f7-61b5-466b-acf9-2c11fd0c937a",
        "type": "message",
        "text": "{\n    “userName”: “tessa”,\n    “books”: [“tessa”, “test”],\n    “transactionCost”: 123.45,\n    “orderComplete”: *false*\n}",
        "user": "U028CMUCJ5B",
        "ts": "1631855790.000900",
        "team": "T0295DCGC1W",
        "user_team": "T0295DCGC1W",
        "source_team": "T0295DCGC1W",
        "user_profile": {
            "avatar_hash": "g8e0cff6399e",
            "image_72": "https:\/\/secure.gravatar.com\/avatar\/8e0cff6399ee308d16a678953552af5b.jpg?s=72&d=https%3A%2F%2Fa.slack-edge.com%2Fdf10d%2Fimg%2Favatars%2Fava_0013-72.png",
            "first_name": "Tessa",
            "real_name": "Tessa",
            "display_name": "Tessa",
            "team": "T0295DCGC1W",
            "name": "s3775931",
            "is_restricted": false,
            "is_ultra_restricted": false
        },
        "blocks": [
            {
                "type": "rich_text",
                "block_id": "noLWn",
                "elements": [
                    {
                        "type": "rich_text_section",
                        "elements": [
                            {
                                "type": "text",
                                "text": "{\n    “userName”: “tessa”,\n    “books”: [“tessa”, “test”],\n    “transactionCost”: 123.45,\n    “orderComplete”: "
                            },
                            {
                                "type": "text",
                                "text": "false",
                                "style": {
                                    "bold": true
                                }
                            },
                            {
                                "type": "text",
                                "text": "\n}"
                            }
                        ]
                    }
                ]
            }
        ],
        "thread_ts": "1631805381.000500",
        "parent_user_id": "U0295DJPBC0"
    },
    {
        "client_msg_id": "d5a8c2e4-b1c3-43b9-89a9-bc94b921ef81",
        "type": "message",
        "text": "test json, looking into how to parse book objects",
        "user": "U028CMUCJ5B",
        "ts": "1631855799.001100",
        "team": "T0295DCGC1W",
        "user_team": "T0295DCGC1W",
        "source_team": "T0295DCGC1W",
        "user_profile": {
            "avatar_hash": "g8e0cff6399e",
            "image_72": "https:\/\/secure.gravatar.com\/avatar\/8e0cff6399ee308d16a678953552af5b.jpg?s=72&d=https%3A%2F%2Fa.slack-edge.com%2Fdf10d%2Fimg%2Favatars%2Fava_0013-72.png",
            "first_name": "Tessa",
            "real_name": "Tessa",
            "display_name": "Tessa",
            "team": "T0295DCGC1W",
            "name": "s3775931",
            "is_restricted": false,
            "is_ultra_restricted": false
        },
        "blocks": [
            {
                "type": "rich_text",
                "block_id": "UP\/",
                "elements": [
                    {
                        "type": "rich_text_section",
                        "elements": [
                            {
                                "type": "text",
                                "text": "test json, looking into how to parse book objects"
                            }
                        ]
                    }
                ]
            }
        ],
        "thread_ts": "1631805381.000500",
        "parent_user_id": "U0295DJPBC0"
    },
    {
        "client_msg_id": "8433b91c-9d09-4b84-a171-f251031e992c",
        "type": "message",
        "text": "Cool cool, I'll do the things I was going to do yesterday today I'm get back to everyone",
        "user": "U02811FL3QF",
        "ts": "1631855857.001300",
        "team": "T0295DCGC1W",
        "user_team": "T0295DCGC1W",
        "source_team": "T0295DCGC1W",
        "user_profile": {
            "avatar_hash": "2084c3d9ca64",
            "image_72": "https:\/\/avatars.slack-edge.com\/2021-08-26\/2421685802051_2084c3d9ca649b7e9eb2_72.jpg",
            "first_name": "",
            "real_name": "Harris Charalambous",
            "display_name": "Harris Charalambous",
            "team": "T0295DCGC1W",
            "name": "s3742332",
            "is_restricted": false,
            "is_ultra_restricted": false
        },
        "blocks": [
            {
                "type": "rich_text",
                "block_id": "bsEGU",
                "elements": [
                    {
                        "type": "rich_text_section",
                        "elements": [
                            {
                                "type": "text",
                                "text": "Cool cool, I'll do the things I was going to do yesterday today I'm get back to everyone"
                            }
                        ]
                    }
                ]
            }
        ],
        "thread_ts": "1631805381.000500",
        "parent_user_id": "U0295DJPBC0"
    },
    {
        "client_msg_id": "884b0672-884e-4a72-b0a6-3a450a2c3874",
        "type": "message",
        "text": "im doing categories endpoint rn fyi",
        "user": "U028CMUCJ5B",
        "ts": "1631856624.001500",
        "team": "T0295DCGC1W",
        "user_team": "T0295DCGC1W",
        "source_team": "T0295DCGC1W",
        "user_profile": {
            "avatar_hash": "g8e0cff6399e",
            "image_72": "https:\/\/secure.gravatar.com\/avatar\/8e0cff6399ee308d16a678953552af5b.jpg?s=72&d=https%3A%2F%2Fa.slack-edge.com%2Fdf10d%2Fimg%2Favatars%2Fava_0013-72.png",
            "first_name": "Tessa",
            "real_name": "Tessa",
            "display_name": "Tessa",
            "team": "T0295DCGC1W",
            "name": "s3775931",
            "is_restricted": false,
            "is_ultra_restricted": false
        },
        "blocks": [
            {
                "type": "rich_text",
                "block_id": "JuFVt",
                "elements": [
                    {
                        "type": "rich_text_section",
                        "elements": [
                            {
                                "type": "text",
                                "text": "im doing categories endpoint rn fyi"
                            }
                        ]
                    }
                ]
            }
        ],
        "thread_ts": "1631805381.000500",
        "parent_user_id": "U0295DJPBC0"
    },
    {
        "client_msg_id": "36a3ad1a-4594-4383-81d5-150978901f53",
        "type": "message",
        "text": "just so we both dont do it at once lol",
        "user": "U028CMUCJ5B",
        "ts": "1631856634.001700",
        "team": "T0295DCGC1W",
        "user_team": "T0295DCGC1W",
        "source_team": "T0295DCGC1W",
        "user_profile": {
            "avatar_hash": "g8e0cff6399e",
            "image_72": "https:\/\/secure.gravatar.com\/avatar\/8e0cff6399ee308d16a678953552af5b.jpg?s=72&d=https%3A%2F%2Fa.slack-edge.com%2Fdf10d%2Fimg%2Favatars%2Fava_0013-72.png",
            "first_name": "Tessa",
            "real_name": "Tessa",
            "display_name": "Tessa",
            "team": "T0295DCGC1W",
            "name": "s3775931",
            "is_restricted": false,
            "is_ultra_restricted": false
        },
        "blocks": [
            {
                "type": "rich_text",
                "block_id": "JYfW",
                "elements": [
                    {
                        "type": "rich_text_section",
                        "elements": [
                            {
                                "type": "text",
                                "text": "just so we both dont do it at once lol"
                            }
                        ]
                    }
                ]
            }
        ],
        "thread_ts": "1631805381.000500",
        "parent_user_id": "U0295DJPBC0"
    },
    {
        "client_msg_id": "6173a145-56cc-4479-a854-f2732bba2e37",
        "type": "message",
        "text": "ye so what data is sent to the microservice? we can discuss this in the meeting",
        "user": "U0295DJPBC0",
        "ts": "1631856776.001900",
        "team": "T0295DCGC1W",
        "user_team": "T0295DCGC1W",
        "source_team": "T0295DCGC1W",
        "user_profile": {
            "avatar_hash": "5bf4403d5e1b",
            "image_72": "https:\/\/avatars.slack-edge.com\/2021-07-19\/2293974360132_5bf4403d5e1bba006811_72.png",
            "first_name": "",
            "real_name": "Danny Pham",
            "display_name": "Danny Pham",
            "team": "T0295DCGC1W",
            "name": "s3719046",
            "is_restricted": false,
            "is_ultra_restricted": false
        },
        "blocks": [
            {
                "type": "rich_text",
                "block_id": "w0Q",
                "elements": [
                    {
                        "type": "rich_text_section",
                        "elements": [
                            {
                                "type": "text",
                                "text": "ye so what data is sent to the microservice? we can discuss this in the meeting"
                            }
                        ]
                    }
                ]
            }
        ],
        "thread_ts": "1631805381.000500",
        "parent_user_id": "U0295DJPBC0"
    },
    {
        "client_msg_id": "b657d73a-dfc8-41dd-a40d-261ce08e99a6",
        "type": "message",
        "text": "is tessa and test going to return a book object?",
        "user": "U0295DJPBC0",
        "ts": "1631856822.002100",
        "team": "T0295DCGC1W",
        "user_team": "T0295DCGC1W",
        "source_team": "T0295DCGC1W",
        "user_profile": {
            "avatar_hash": "5bf4403d5e1b",
            "image_72": "https:\/\/avatars.slack-edge.com\/2021-07-19\/2293974360132_5bf4403d5e1bba006811_72.png",
            "first_name": "",
            "real_name": "Danny Pham",
            "display_name": "Danny Pham",
            "team": "T0295DCGC1W",
            "name": "s3719046",
            "is_restricted": false,
            "is_ultra_restricted": false
        },
        "blocks": [
            {
                "type": "rich_text",
                "block_id": "N=RU",
                "elements": [
                    {
                        "type": "rich_text_section",
                        "elements": [
                            {
                                "type": "text",
                                "text": "is tessa and test going to return a book object?"
                            }
                        ]
                    }
                ]
            }
        ],
        "thread_ts": "1631805381.000500",
        "parent_user_id": "U0295DJPBC0"
    }
]